img_name,gender
36_1_4_20170104172843788.jpg.chip.jpg,1
34_1_4_20170103230336761.jpg.chip.jpg,1
3_1_4_20170103205114064.jpg.chip.jpg,1
35_1_4_20170117201052046.jpg.chip.jpg,1
3_1_4_20170104005006111.jpg.chip.jpg,1
15_1_4_20170103214742821.jpg.chip.jpg,1
26_1_4_20161221193701030.jpg.chip.jpg,1
1_0_4_20161221201411850.jpg.chip.jpg,0
40_0_4_20170104001839285.jpg.chip.jpg,0
22_1_4_20170112233623976.jpg.chip.jpg,1
25_1_4_20170103230304689.jpg.chip.jpg,1
1_0_4_20161221195030936.jpg.chip.jpg,0
40_0_4_20170117135456629.jpg.chip.jpg,0
21_1_4_20170103230521217.jpg.chip.jpg,1
22_1_4_20170103223356448.jpg.chip.jpg,1
27_1_4_20170103234931350.jpg.chip.jpg,1
25_0_4_20170113133224545.jpg.chip.jpg,0
21_0_4_20161223214826657.jpg.chip.jpg,0
25_1_4_20161220222242243.jpg.chip.jpg,1
24_1_4_20170103225121913.jpg.chip.jpg,1
1_0_4_20161221193606310.jpg.chip.jpg,0
17_1_4_20170102234911226.jpg.chip.jpg,1
48_0_4_20170104211610652.jpg.chip.jpg,0
82_0_4_20170117190644623.jpg.chip.jpg,0
28_0_4_20170117020639219.jpg.chip.jpg,0
26_1_4_20170117200213443.jpg.chip.jpg,1
38_0_4_20170117021834297.jpg.chip.jpg,0
36_1_4_20170105001239982.jpg.chip.jpg,1
45_0_4_20170104200726522.jpg.chip.jpg,0
2_0_4_20161221202339874.jpg.chip.jpg,0
13_1_4_20170117200640357.jpg.chip.jpg,1
2_1_4_20170103213208251.jpg.chip.jpg,1
13_1_4_20170103212548662.jpg.chip.jpg,1
28_1_4_20170103235832524.jpg.chip.jpg,1
26_1_4_20170117201454965.jpg.chip.jpg,1
40_1_4_20170117154246036.jpg.chip.jpg,1
33_1_4_20170103181754609.jpg.chip.jpg,1
22_1_4_20170103212717246.jpg.chip.jpg,1
24_1_4_20170117150635877.jpg.chip.jpg,1
6_1_4_20161223232203348.jpg.chip.jpg,1
26_0_4_20170103224832945.jpg.chip.jpg,0
1_1_4_20170117192625477.jpg.chip.jpg,1
27_1_4_20170103230450385.jpg.chip.jpg,1
1_0_4_20161221192855037.jpg.chip.jpg,0
22_0_4_20161221200222680.jpg.chip.jpg,0
47_0_4_20170103234841372.jpg.chip.jpg,0
50_1_4_20170117203355296.jpg.chip.jpg,1
35_1_4_20170117200719931.jpg.chip.jpg,1
4_0_4_20161221202651241.jpg.chip.jpg,0
26_0_4_20170117153015117.jpg.chip.jpg,0
1_1_4_20170109194502921.jpg.chip.jpg,1
30_1_4_20170103183855083.jpg.chip.jpg,1
25_0_4_20170117193022316.jpg.chip.jpg,0
32_1_4_20170103180839999.jpg.chip.jpg,1
28_0_4_20170105163451675.jpg.chip.jpg,0
54_0_4_20170104212703396.jpg.chip.jpg,0
23_1_4_20170103212744381.jpg.chip.jpg,1
66_1_4_20170117091830720.jpg.chip.jpg,1
45_0_4_20170117201123717.jpg.chip.jpg,0
41_1_4_20170116001848468.jpg.chip.jpg,1
35_0_4_20170117153255579.jpg.chip.jpg,0
40_1_4_20170117200930685.jpg.chip.jpg,1
28_0_4_20170103235814852.jpg.chip.jpg,0
42_0_4_20170104202440690.jpg.chip.jpg,0
1_0_4_20161221193041157.jpg.chip.jpg,0
30_1_4_20170117092306526.jpg.chip.jpg,1
26_1_4_20170117201446708.jpg.chip.jpg,1
50_0_4_20170117204155370.jpg.chip.jpg,0
18_0_4_20170103234736836.jpg.chip.jpg,0
24_1_4_20170115235433094.jpg.chip.jpg,1
2_0_4_20170103210801579.jpg.chip.jpg,0
26_1_4_20161221193707668.jpg.chip.jpg,1
18_0_4_20170103201305015.jpg.chip.jpg,0
45_0_4_20170117172212027.jpg.chip.jpg,0
26_1_4_20170117200211019.jpg.chip.jpg,1
35_0_4_20170104201734834.jpg.chip.jpg,0
12_0_4_20170103205745050.jpg.chip.jpg,0
24_1_4_20170117150615516.jpg.chip.jpg,1
26_0_4_20170117195846957.jpg.chip.jpg,0
29_1_4_20170103230245713.jpg.chip.jpg,1
58_0_4_20170117204717713.jpg.chip.jpg,0
45_1_4_20170117145210923.jpg.chip.jpg,1
10_0_4_20170103212521420.jpg.chip.jpg,0
32_0_4_20170104204203947.jpg.chip.jpg,0
1_0_4_20170103210812538.jpg.chip.jpg,0
28_0_4_20170117202457142.jpg.chip.jpg,0
1_0_4_20161221193604223.jpg.chip.jpg,0
29_0_4_20170104200952009.jpg.chip.jpg,0
20_1_4_20170103233649970.jpg.chip.jpg,1
27_1_4_20170103181806561.jpg.chip.jpg,1
26_0_4_20170117152317187.jpg.chip.jpg,0
6_1_4_20170103213155772.jpg.chip.jpg,1
24_1_4_20170117150737098.jpg.chip.jpg,1
37_0_4_20170104201910626.jpg.chip.jpg,0
34_0_4_20170113161453036.jpg.chip.jpg,0
10_1_4_20170103200950879.jpg.chip.jpg,1
26_0_4_20170117195717237.jpg.chip.jpg,0
28_0_4_20170117202304407.jpg.chip.jpg,0
54_0_4_20170117204427774.jpg.chip.jpg,0
35_0_4_20170116212042685.jpg.chip.jpg,0
23_1_4_20161223230008236.jpg.chip.jpg,1
10_1_4_20161223225854867.jpg.chip.jpg,1
26_0_4_20170117152801765.jpg.chip.jpg,0
5_1_4_20161221201710702.jpg.chip.jpg,1
1_0_4_20161221195827599.jpg.chip.jpg,0
26_0_4_20170103235404028.jpg.chip.jpg,0
25_0_4_20170117195016421.jpg.chip.jpg,0
11_0_4_20170103200621488.jpg.chip.jpg,0
35_1_4_20170117203924087.jpg.chip.jpg,1
33_0_4_20170104172529099.jpg.chip.jpg,0
1_1_4_20161221201921929.jpg.chip.jpg,1
32_1_4_20170103230259201.jpg.chip.jpg,1
24_1_4_20170117150618462.jpg.chip.jpg,1
26_0_4_20170103235233157.jpg.chip.jpg,0
31_1_4_20170103230330201.jpg.chip.jpg,1
35_0_4_20170117181019980.jpg.chip.jpg,0
15_1_4_20170103233348795.jpg.chip.jpg,1
10_0_4_20170103200443015.jpg.chip.jpg,0
46_1_4_20170105170029053.jpg.chip.jpg,1
34_0_4_20170105172322132.jpg.chip.jpg,0
1_1_4_20161221195449497.jpg.chip.jpg,1
39_0_4_20170104183739429.jpg.chip.jpg,0
1_1_4_20170109193346573.jpg.chip.jpg,1
24_1_4_20170116222729168.jpg.chip.jpg,1
13_1_4_20170103200733438.jpg.chip.jpg,1
49_0_4_20170104205251139.jpg.chip.jpg,0
23_1_4_20170117194306603.jpg.chip.jpg,1
22_0_4_20170103224931632.jpg.chip.jpg,0
26_0_4_20170117200225399.jpg.chip.jpg,0
25_1_4_20170117150958739.jpg.chip.jpg,1
2_1_4_20161221192849749.jpg.chip.jpg,1
6_1_4_20161221193229605.jpg.chip.jpg,1
2_1_4_20170103212103556.jpg.chip.jpg,1
24_0_4_20170103234945243.jpg.chip.jpg,0
14_0_4_20170103201105568.jpg.chip.jpg,0
7_0_4_20161221201748793.jpg.chip.jpg,0
26_1_4_20170103214211386.jpg.chip.jpg,1
27_0_4_20170117150054594.jpg.chip.jpg,0
35_0_4_20170117130521027.jpg.chip.jpg,0
51_0_4_20170104193634471.jpg.chip.jpg,0
1_1_4_20170103205129266.jpg.chip.jpg,1
44_0_4_20170117204035832.jpg.chip.jpg,0
5_1_4_20161221201952681.jpg.chip.jpg,1
18_1_4_20170116211941006.jpg.chip.jpg,1
40_0_4_20170117203834424.jpg.chip.jpg,0
1_1_4_20161221201846817.jpg.chip.jpg,1
51_1_4_20170117123956403.jpg.chip.jpg,1
1_1_4_20161221202912889.jpg.chip.jpg,1
24_1_4_20170117194337597.jpg.chip.jpg,1
28_1_4_20170103225950647.jpg.chip.jpg,1
34_0_4_20170117105033191.jpg.chip.jpg,0
8_1_4_20161223232240516.jpg.chip.jpg,1
32_0_4_20170104170633305.jpg.chip.jpg,0
2_1_4_20161221195137728.jpg.chip.jpg,1
24_1_4_20170117150626732.jpg.chip.jpg,1
26_1_4_20170117201650134.jpg.chip.jpg,1
26_1_4_20170117174054694.jpg.chip.jpg,1
25_0_4_20170117144100122.jpg.chip.jpg,0
47_0_4_20170104002129509.jpg.chip.jpg,0
49_0_4_20170104210433927.jpg.chip.jpg,0
33_0_4_20170117201021349.jpg.chip.jpg,0
16_0_4_20170110232131606.jpg.chip.jpg,0
42_1_4_20170117171425948.jpg.chip.jpg,1
37_0_4_20170117135943573.jpg.chip.jpg,0
26_1_4_20170117153657309.jpg.chip.jpg,1
8_1_4_20170109201742209.jpg.chip.jpg,1
31_0_4_20170117020719427.jpg.chip.jpg,0
25_1_4_20170103223548135.jpg.chip.jpg,1
3_1_4_20170103213251308.jpg.chip.jpg,1
17_0_4_20170103201055366.jpg.chip.jpg,0
21_1_4_20170103224438000.jpg.chip.jpg,1
50_0_4_20170116224718413.jpg.chip.jpg,0
30_1_4_20170103230152025.jpg.chip.jpg,1
21_0_4_20161223214805057.jpg.chip.jpg,0
24_0_4_20170117194350012.jpg.chip.jpg,0
39_1_4_20170104204507323.jpg.chip.jpg,1
34_0_4_20170117141716057.jpg.chip.jpg,0
20_1_4_20170103224446743.jpg.chip.jpg,1
26_1_4_20170103213122476.jpg.chip.jpg,1
29_0_4_20170114033029580.jpg.chip.jpg,0
37_1_4_20170117203627007.jpg.chip.jpg,1
26_1_4_20170117201456142.jpg.chip.jpg,1
30_1_4_20170117202935574.jpg.chip.jpg,1
1_1_4_20161221192836205.jpg.chip.jpg,1
34_0_4_20170105165000683.jpg.chip.jpg,0
11_1_4_20170103201747167.jpg.chip.jpg,1
3_0_4_20170103202821873.jpg.chip.jpg,0
21_0_4_20161223214836609.jpg.chip.jpg,0
20_1_4_20170103223121735.jpg.chip.jpg,1
18_1_4_20170103222949566.jpg.chip.jpg,1
26_0_4_20170116192510762.jpg.chip.jpg,0
1_0_4_20161221192554517.jpg.chip.jpg,0
30_0_4_20170117202832830.jpg.chip.jpg,0
2_1_4_20161221200336416.jpg.chip.jpg,1
14_1_4_20170109205457235.jpg.chip.jpg,1
27_1_4_20170103230157624.jpg.chip.jpg,1
3_1_4_20170103210847515.jpg.chip.jpg,1
5_1_4_20161219185942044.jpg.chip.jpg,1
23_1_4_20170103223600551.jpg.chip.jpg,1
30_1_4_20170103213106156.jpg.chip.jpg,1
40_0_4_20170108231125827.jpg.chip.jpg,0
21_0_4_20161223214813672.jpg.chip.jpg,0
27_1_4_20170113011320472.jpg.chip.jpg,1
53_1_4_20170117204305136.jpg.chip.jpg,1
4_1_4_20161221200021608.jpg.chip.jpg,1
4_1_4_20161221193349166.jpg.chip.jpg,1
19_1_4_20170103234123155.jpg.chip.jpg,1
26_1_4_20170117174023997.jpg.chip.jpg,1
25_1_4_20170103223138663.jpg.chip.jpg,1
25_1_4_20161223230018963.jpg.chip.jpg,1
38_0_4_20170103230436562.jpg.chip.jpg,0
1_0_4_20161221193446478.jpg.chip.jpg,0
28_0_4_20170105183852672.jpg.chip.jpg,0
23_1_4_20170103225807185.jpg.chip.jpg,1
34_1_4_20170113011428472.jpg.chip.jpg,1
1_1_4_20161221195439775.jpg.chip.jpg,1
28_0_4_20170117202418494.jpg.chip.jpg,0
26_0_4_20170103235020885.jpg.chip.jpg,0
33_0_4_20170117203909214.jpg.chip.jpg,0
45_0_4_20170117130551448.jpg.chip.jpg,0
8_1_4_20170109202746183.jpg.chip.jpg,1
22_1_4_20170103223002341.jpg.chip.jpg,1
31_1_4_20170117203051199.jpg.chip.jpg,1
32_0_4_20170104000716333.jpg.chip.jpg,0
32_1_4_20170105162431387.jpg.chip.jpg,1
2_1_4_20170103210746899.jpg.chip.jpg,1
24_1_4_20170103224348784.jpg.chip.jpg,1
21_1_4_20170103223249191.jpg.chip.jpg,1
5_1_4_20170103212918548.jpg.chip.jpg,1
35_0_4_20170104000753052.jpg.chip.jpg,0
20_1_4_20170117193608005.jpg.chip.jpg,1
12_1_4_20170104011715593.jpg.chip.jpg,1
24_0_4_20161219192105922.jpg.chip.jpg,0
3_1_4_20170103205816397.jpg.chip.jpg,1
19_0_4_20170117193404789.jpg.chip.jpg,0
22_1_4_20170103233328523.jpg.chip.jpg,1
1_1_4_20161221202053505.jpg.chip.jpg,1
23_1_4_20161223230013995.jpg.chip.jpg,1
38_0_4_20170104174520099.jpg.chip.jpg,0
26_1_4_20170103224820592.jpg.chip.jpg,1
35_0_4_20170113133347977.jpg.chip.jpg,0
1_1_4_20161221201729160.jpg.chip.jpg,1
29_0_4_20170117100325932.jpg.chip.jpg,0
4_1_4_20170103230711649.jpg.chip.jpg,1
26_1_4_20170117200105003.jpg.chip.jpg,1
2_1_4_20170103211018347.jpg.chip.jpg,1
24_1_4_20170117150727939.jpg.chip.jpg,1
22_1_4_20170103225813392.jpg.chip.jpg,1
25_0_4_20170117195058860.jpg.chip.jpg,0
2_0_4_20161221202954025.jpg.chip.jpg,0
27_0_4_20170117120137595.jpg.chip.jpg,0
21_1_4_20170103223234959.jpg.chip.jpg,1
22_1_4_20170117145350418.jpg.chip.jpg,1
22_1_4_20170103180220911.jpg.chip.jpg,1
21_1_4_20170103225212711.jpg.chip.jpg,1
10_0_4_20170103200501766.jpg.chip.jpg,0
2_1_4_20161221202353640.jpg.chip.jpg,1
28_1_4_20170104165215184.jpg.chip.jpg,1
39_0_4_20170105172836893.jpg.chip.jpg,0
39_1_4_20170109002712574.jpg.chip.jpg,1
43_0_4_20170104205649403.jpg.chip.jpg,0
50_0_4_20170104210650526.jpg.chip.jpg,0
17_1_4_20170103234147843.jpg.chip.jpg,1
44_1_4_20170104170219257.jpg.chip.jpg,1
14_0_4_20170103200528094.jpg.chip.jpg,0
16_1_4_20170104005411807.jpg.chip.jpg,1
49_0_4_20170104210601356.jpg.chip.jpg,0
22_0_4_20170117193912061.jpg.chip.jpg,0
20_1_4_20170103201807368.jpg.chip.jpg,1
45_0_4_20170117194230527.jpg.chip.jpg,0
22_1_4_20170103223042983.jpg.chip.jpg,1
29_1_4_20170117202750455.jpg.chip.jpg,1
2_1_4_20161221193634726.jpg.chip.jpg,1
24_1_4_20170117150332484.jpg.chip.jpg,1
21_1_4_20170103223253239.jpg.chip.jpg,1
7_1_4_20161221193047189.jpg.chip.jpg,1
4_1_4_20170103213350292.jpg.chip.jpg,1
22_1_4_20170117193958245.jpg.chip.jpg,1
1_0_4_20161221202127697.jpg.chip.jpg,0
38_0_4_20170104000126452.jpg.chip.jpg,0
10_1_4_20170117195152197.jpg.chip.jpg,1
35_0_4_20170117203249167.jpg.chip.jpg,0
22_1_4_20170103223351703.jpg.chip.jpg,1
22_1_4_20170117143710577.jpg.chip.jpg,1
26_0_4_20170117154446109.jpg.chip.jpg,0
75_0_4_20170111205047952.jpg.chip.jpg,0
7_1_4_20161221193134222.jpg.chip.jpg,1
30_1_4_20170103181233632.jpg.chip.jpg,1
24_0_4_20170103210118506.jpg.chip.jpg,0
18_1_4_20170103223304623.jpg.chip.jpg,1
2_0_4_20161221201843169.jpg.chip.jpg,0
2_1_4_20170103213317172.jpg.chip.jpg,1
48_0_4_20170117163407198.jpg.chip.jpg,0
26_0_4_20170117195554244.jpg.chip.jpg,0
23_1_4_20161223214744290.jpg.chip.jpg,1
19_1_4_20170103201818104.jpg.chip.jpg,1
1_1_4_20161221194943920.jpg.chip.jpg,1
8_1_4_20170109202753127.jpg.chip.jpg,1
28_1_4_20170103181212270.jpg.chip.jpg,1
2_1_4_20161221202425393.jpg.chip.jpg,1
43_0_4_20170117204014422.jpg.chip.jpg,0
34_0_4_20170117163546730.jpg.chip.jpg,0
20_1_4_20170117192614487.jpg.chip.jpg,1
26_0_4_20170117154033686.jpg.chip.jpg,0
1_1_4_20161221201957481.jpg.chip.jpg,1
34_0_4_20170117141335902.jpg.chip.jpg,0
54_0_4_20170117204308977.jpg.chip.jpg,0
4_0_4_20161221193322159.jpg.chip.jpg,0
50_1_4_20170117204033496.jpg.chip.jpg,1
44_0_4_20170104001913293.jpg.chip.jpg,0
16_1_4_20170103201023166.jpg.chip.jpg,1
12_1_4_20170103200721583.jpg.chip.jpg,1
24_1_4_20170103234017197.jpg.chip.jpg,1
2_1_4_20161221193638214.jpg.chip.jpg,1
25_1_4_20161221193646742.jpg.chip.jpg,1
24_1_4_20170120133956991.jpg.chip.jpg,1
1_0_4_20170103212630716.jpg.chip.jpg,0
52_0_4_20170111201929576.jpg.chip.jpg,0
1_0_4_20161221200309040.jpg.chip.jpg,0
35_0_4_20170117195110413.jpg.chip.jpg,0
46_0_4_20170117171327063.jpg.chip.jpg,0
40_0_4_20170104210123901.jpg.chip.jpg,0
2_0_4_20161221195015399.jpg.chip.jpg,0
22_1_4_20170117143713802.jpg.chip.jpg,1
1_0_4_20161221195857728.jpg.chip.jpg,0
25_1_4_20170103230205288.jpg.chip.jpg,1
28_1_4_20170117120426927.jpg.chip.jpg,1
26_0_4_20170117195754045.jpg.chip.jpg,0
22_0_4_20170104213712014.jpg.chip.jpg,0
29_0_4_20170119170835447.jpg.chip.jpg,0
1_0_4_20170103205843434.jpg.chip.jpg,0
28_1_4_20170117170432153.jpg.chip.jpg,1
13_1_4_20170104005210478.jpg.chip.jpg,1
12_0_4_20170103200538198.jpg.chip.jpg,0
31_0_4_20170116193338756.jpg.chip.jpg,0
25_1_4_20170117152015997.jpg.chip.jpg,1
4_1_4_20161221202257809.jpg.chip.jpg,1
5_1_4_20170103210023178.jpg.chip.jpg,1
27_0_4_20170117191142869.jpg.chip.jpg,0
1_0_4_20170103202326832.jpg.chip.jpg,0
10_1_4_20170104005649671.jpg.chip.jpg,1
22_1_4_20161223225936076.jpg.chip.jpg,1
26_1_4_20170117185535633.jpg.chip.jpg,1
21_1_4_20161223225837372.jpg.chip.jpg,1
16_0_4_20170102234702965.jpg.chip.jpg,0
39_0_4_20170104202054058.jpg.chip.jpg,0
26_0_4_20170113175636526.jpg.chip.jpg,0
27_0_4_20170103234827428.jpg.chip.jpg,0
1_1_4_20161221200103831.jpg.chip.jpg,1
20_1_4_20170103223123528.jpg.chip.jpg,1
1_1_4_20170103213044557.jpg.chip.jpg,1
20_1_4_20170117193602482.jpg.chip.jpg,1
23_0_4_20170103234915411.jpg.chip.jpg,0
2_1_4_20161221192715844.jpg.chip.jpg,1
21_1_4_20170103223204087.jpg.chip.jpg,1
25_1_4_20170119164406148.jpg.chip.jpg,1
24_1_4_20170103225201704.jpg.chip.jpg,1
28_0_4_20170103235312020.jpg.chip.jpg,0
25_1_4_20170103210241074.jpg.chip.jpg,1
1_0_4_20170103205301842.jpg.chip.jpg,0
16_1_4_20170103201025695.jpg.chip.jpg,1
16_0_4_20170103233832570.jpg.chip.jpg,0
8_1_4_20170109202334991.jpg.chip.jpg,1
29_1_4_20170103181529824.jpg.chip.jpg,1
1_1_4_20170117192656755.jpg.chip.jpg,1
22_1_4_20161221195925096.jpg.chip.jpg,1
2_0_4_20161221202432089.jpg.chip.jpg,0
26_1_4_20170117174256614.jpg.chip.jpg,1
24_0_4_20170117145917765.jpg.chip.jpg,0
1_1_4_20161221202018329.jpg.chip.jpg,1
21_1_4_20161221193306453.jpg.chip.jpg,1
24_1_4_20170117194845444.jpg.chip.jpg,1
24_0_4_20170117194356247.jpg.chip.jpg,0
1_0_4_20170103205838610.jpg.chip.jpg,0
24_1_4_20170103223940759.jpg.chip.jpg,1
26_1_4_20170117200208341.jpg.chip.jpg,1
30_0_4_20170117125946865.jpg.chip.jpg,0
14_0_4_20170113145202254.jpg.chip.jpg,0
26_0_4_20170103235429853.jpg.chip.jpg,0
1_1_4_20161221202159241.jpg.chip.jpg,1
50_0_4_20170117203102320.jpg.chip.jpg,0
2_0_4_20170103211006898.jpg.chip.jpg,0
2_0_4_20161221195159831.jpg.chip.jpg,0
1_0_4_20161221195955560.jpg.chip.jpg,0
26_0_4_20170103235523972.jpg.chip.jpg,0
26_1_4_20170117152911110.jpg.chip.jpg,1
30_1_4_20170117203009657.jpg.chip.jpg,1
32_0_4_20170105175534654.jpg.chip.jpg,0
37_0_4_20170117140108503.jpg.chip.jpg,0
15_0_4_20170103201002253.jpg.chip.jpg,0
24_0_4_20170113151020448.jpg.chip.jpg,0
23_1_4_20170117144906730.jpg.chip.jpg,1
42_1_4_20170103225757192.jpg.chip.jpg,1
29_1_4_20170104165735505.jpg.chip.jpg,1
1_0_4_20161219195147803.jpg.chip.jpg,0
35_0_4_20170105162641195.jpg.chip.jpg,0
20_0_4_20170103234738979.jpg.chip.jpg,0
20_0_4_20170117203144623.jpg.chip.jpg,0
52_0_4_20170104212325060.jpg.chip.jpg,0
27_0_4_20170103235752276.jpg.chip.jpg,0
6_1_4_20161223232159876.jpg.chip.jpg,1
1_1_4_20170103210736044.jpg.chip.jpg,1
26_1_4_20170117152504299.jpg.chip.jpg,1
12_1_4_20170117201252893.jpg.chip.jpg,1
1_0_4_20161221202558993.jpg.chip.jpg,0
3_1_4_20170103212708915.jpg.chip.jpg,1
26_0_4_20170116182154649.jpg.chip.jpg,0
4_1_4_20161223232228388.jpg.chip.jpg,1
22_1_4_20170103225112465.jpg.chip.jpg,1
28_1_4_20170117202601469.jpg.chip.jpg,1
38_1_4_20170117203646323.jpg.chip.jpg,1
20_1_4_20170103225040370.jpg.chip.jpg,1
44_0_4_20170103235250676.jpg.chip.jpg,0
17_1_4_20170103222931966.jpg.chip.jpg,1
36_0_4_20170117183809714.jpg.chip.jpg,0
18_1_4_20170103201320721.jpg.chip.jpg,1
2_0_4_20161221202147913.jpg.chip.jpg,0
21_0_4_20161223214833090.jpg.chip.jpg,0
22_1_4_20170103223405215.jpg.chip.jpg,1
28_0_4_20170103235827230.jpg.chip.jpg,0
39_0_4_20170104205601141.jpg.chip.jpg,0
1_0_4_20161221202331737.jpg.chip.jpg,0
1_1_4_20170103202738552.jpg.chip.jpg,1
3_1_4_20161221201441793.jpg.chip.jpg,1
10_0_4_20170104010810728.jpg.chip.jpg,0
22_1_4_20170103223649399.jpg.chip.jpg,1
22_0_4_20170103201524479.jpg.chip.jpg,0
26_0_4_20170103235258756.jpg.chip.jpg,0
25_0_4_20170117195023516.jpg.chip.jpg,0
1_0_4_20161221193434166.jpg.chip.jpg,0
32_0_4_20170104172421138.jpg.chip.jpg,0
1_1_4_20170103204831032.jpg.chip.jpg,1
5_1_4_20161223232140509.jpg.chip.jpg,1
39_1_4_20170104172929139.jpg.chip.jpg,1
30_1_4_20170117203012791.jpg.chip.jpg,1
22_0_4_20170103234615652.jpg.chip.jpg,0
2_1_4_20161221195003500.jpg.chip.jpg,1
25_1_4_20170103234056789.jpg.chip.jpg,1
5_1_4_20161223230128667.jpg.chip.jpg,1
23_1_4_20161223214747066.jpg.chip.jpg,1
29_1_4_20170103163340489.jpg.chip.jpg,1
1_1_4_20161221193744550.jpg.chip.jpg,1
8_1_4_20170104005426863.jpg.chip.jpg,1
1_0_4_20170103202417352.jpg.chip.jpg,0
2_1_4_20161221202110987.jpg.chip.jpg,1
26_0_4_20170103235333148.jpg.chip.jpg,0
41_0_4_20170111181750392.jpg.chip.jpg,0
1_0_4_20161221202458409.jpg.chip.jpg,0
66_0_4_20170104185439302.jpg.chip.jpg,0
12_0_4_20170103200555927.jpg.chip.jpg,0
38_1_4_20170117203741155.jpg.chip.jpg,1
36_1_4_20170112233252616.jpg.chip.jpg,1
24_1_4_20170103233810029.jpg.chip.jpg,1
54_0_4_20170103210718779.jpg.chip.jpg,0
28_1_4_20170117202452072.jpg.chip.jpg,1
24_1_4_20170117194850412.jpg.chip.jpg,1
28_0_4_20170117020801701.jpg.chip.jpg,0
4_1_4_20170109191636106.jpg.chip.jpg,1
26_1_4_20170117154432964.jpg.chip.jpg,1
20_0_4_20170117193437251.jpg.chip.jpg,0
9_0_4_20170110215354740.jpg.chip.jpg,0
65_1_4_20170117203945447.jpg.chip.jpg,1
23_1_4_20170103223903439.jpg.chip.jpg,1
26_1_4_20170103225002166.jpg.chip.jpg,1
25_0_4_20170117193004258.jpg.chip.jpg,0
17_0_4_20170103234631508.jpg.chip.jpg,0
28_0_4_20170117202427928.jpg.chip.jpg,0
38_1_4_20170117203712774.jpg.chip.jpg,1
1_1_4_20161221193234997.jpg.chip.jpg,1
35_0_4_20170117141858070.jpg.chip.jpg,0
1_1_4_20161221193419158.jpg.chip.jpg,1
8_0_4_20170117133054476.jpg.chip.jpg,0
28_0_4_20170104201846426.jpg.chip.jpg,0
32_0_4_20170117203107295.jpg.chip.jpg,0
30_0_4_20170104201527594.jpg.chip.jpg,0
22_1_4_20170117193954085.jpg.chip.jpg,1
1_0_4_20170103202412648.jpg.chip.jpg,0
16_1_4_20170102234841875.jpg.chip.jpg,1
25_1_4_20170117195158652.jpg.chip.jpg,1
35_0_4_20170117152542891.jpg.chip.jpg,0
24_1_4_20170103233956963.jpg.chip.jpg,1
14_0_4_20170117204503401.jpg.chip.jpg,0
1_1_4_20161221193732358.jpg.chip.jpg,1
23_1_4_20170117194314062.jpg.chip.jpg,1
25_1_4_20170117123859839.jpg.chip.jpg,1
26_1_4_20170117201351845.jpg.chip.jpg,1
4_1_4_20161221201507280.jpg.chip.jpg,1
2_0_4_20161221192651909.jpg.chip.jpg,0
4_0_4_20161221192742413.jpg.chip.jpg,0
19_0_4_20170103234723267.jpg.chip.jpg,0
35_0_4_20170117153804765.jpg.chip.jpg,0
26_0_4_20170116182250630.jpg.chip.jpg,0
18_1_4_20170117193229357.jpg.chip.jpg,1
35_0_4_20170117132531670.jpg.chip.jpg,0
24_0_4_20170103223928055.jpg.chip.jpg,0
23_1_4_20170103233611875.jpg.chip.jpg,1
53_0_4_20170104184621374.jpg.chip.jpg,0
56_0_4_20170105173517933.jpg.chip.jpg,0
2_0_4_20161221195201991.jpg.chip.jpg,0
1_0_4_20161221200056240.jpg.chip.jpg,0
30_1_4_20170104171702193.jpg.chip.jpg,1
30_0_4_20170117202819247.jpg.chip.jpg,0
33_0_4_20170116220014045.jpg.chip.jpg,0
1_0_4_20170103205312818.jpg.chip.jpg,0
3_1_4_20170103212108940.jpg.chip.jpg,1
4_1_4_20161223230120250.jpg.chip.jpg,1
39_0_4_20170104000800885.jpg.chip.jpg,0
8_1_4_20161223230041764.jpg.chip.jpg,1
26_0_4_20170117153449084.jpg.chip.jpg,0
24_1_4_20170103235745076.jpg.chip.jpg,1
28_0_4_20170103235818508.jpg.chip.jpg,0
21_1_4_20170103180619480.jpg.chip.jpg,1
28_1_4_20170103182235849.jpg.chip.jpg,1
10_0_4_20170103200409638.jpg.chip.jpg,0
5_1_4_20170103212921764.jpg.chip.jpg,1
1_1_4_20161221202026104.jpg.chip.jpg,1
26_0_4_20170117153243021.jpg.chip.jpg,0
2_1_4_20161221201536537.jpg.chip.jpg,1
35_0_4_20170103234956580.jpg.chip.jpg,0
26_0_4_20170117153404221.jpg.chip.jpg,0
25_0_4_20170117151354244.jpg.chip.jpg,0
24_0_4_20170117145152514.jpg.chip.jpg,0
1_1_4_20161221201923657.jpg.chip.jpg,1
14_0_4_20170103205138666.jpg.chip.jpg,0
17_1_4_20170103201233799.jpg.chip.jpg,1
28_0_4_20170109002923202.jpg.chip.jpg,0
28_0_4_20170116183505479.jpg.chip.jpg,0
30_0_4_20170105170010108.jpg.chip.jpg,0
26_0_4_20170103235645596.jpg.chip.jpg,0
47_0_4_20170116030339319.jpg.chip.jpg,0
18_1_4_20161221195815432.jpg.chip.jpg,1
8_1_4_20170109202358152.jpg.chip.jpg,1
26_1_4_20170117200115644.jpg.chip.jpg,1
28_1_4_20170117202425055.jpg.chip.jpg,1
25_0_4_20170116001358842.jpg.chip.jpg,0
23_1_4_20170103233615355.jpg.chip.jpg,1
3_1_4_20161221192909421.jpg.chip.jpg,1
11_1_4_20170103212554964.jpg.chip.jpg,1
7_1_4_20161221193125000.jpg.chip.jpg,1
26_1_4_20170117174512949.jpg.chip.jpg,1
43_0_4_20170104174223892.jpg.chip.jpg,0
14_0_4_20170103200608359.jpg.chip.jpg,0
30_1_4_20170117203006317.jpg.chip.jpg,1
32_1_4_20170105165021555.jpg.chip.jpg,1
24_1_4_20170117194821716.jpg.chip.jpg,1
26_1_4_20170117201612869.jpg.chip.jpg,1
22_1_4_20170103223419073.jpg.chip.jpg,1
31_0_4_20170120133240958.jpg.chip.jpg,0
2_0_4_20170103210452250.jpg.chip.jpg,0
23_0_4_20170117194102020.jpg.chip.jpg,0
19_1_4_20170103201653879.jpg.chip.jpg,1
21_1_4_20170103223240255.jpg.chip.jpg,1
31_1_4_20170104165850314.jpg.chip.jpg,1
21_1_4_20170103233924667.jpg.chip.jpg,1
24_1_4_20170103233659572.jpg.chip.jpg,1
22_0_4_20170104011059408.jpg.chip.jpg,0
27_0_4_20170103235757172.jpg.chip.jpg,0
38_1_4_20170109002426534.jpg.chip.jpg,1
6_1_4_20170103212222820.jpg.chip.jpg,1
24_0_4_20170103210052027.jpg.chip.jpg,0
38_1_4_20170116233353646.jpg.chip.jpg,1
6_0_4_20161221200807209.jpg.chip.jpg,0
49_0_4_20170117190551451.jpg.chip.jpg,0
35_0_4_20170117194209748.jpg.chip.jpg,0
2_0_4_20161221195155711.jpg.chip.jpg,0
37_0_4_20170104000927484.jpg.chip.jpg,0
20_0_4_20170113133058865.jpg.chip.jpg,0
20_1_4_20170103225149441.jpg.chip.jpg,1
1_1_4_20161223231311515.jpg.chip.jpg,1
12_1_4_20170109214232071.jpg.chip.jpg,1
35_0_4_20170117171324867.jpg.chip.jpg,0
32_0_4_20170105163336092.jpg.chip.jpg,0
32_1_4_20170113000945786.jpg.chip.jpg,1
27_0_4_20170117202117229.jpg.chip.jpg,0
29_0_4_20170117180914972.jpg.chip.jpg,0
21_0_4_20170103225103768.jpg.chip.jpg,0
35_0_4_20170117204532088.jpg.chip.jpg,0
65_0_4_20170109005604594.jpg.chip.jpg,0
30_1_4_20170103225917841.jpg.chip.jpg,1
1_1_4_20161221192658892.jpg.chip.jpg,1
25_1_4_20170103230211911.jpg.chip.jpg,1
30_0_4_20170104000115245.jpg.chip.jpg,0
59_0_4_20170109012655318.jpg.chip.jpg,0
1_0_4_20161221201753176.jpg.chip.jpg,0
26_1_4_20170117201912672.jpg.chip.jpg,1
40_0_4_20170104201550378.jpg.chip.jpg,0
43_0_4_20170117135938595.jpg.chip.jpg,0
26_0_4_20170105163503003.jpg.chip.jpg,0
6_1_4_20170104005453175.jpg.chip.jpg,1
55_1_4_20170117203853447.jpg.chip.jpg,1
60_0_4_20170104185434246.jpg.chip.jpg,0
30_0_4_20170120133906735.jpg.chip.jpg,0
85_1_4_20170110184012572.jpg.chip.jpg,1
21_0_4_20161223214837442.jpg.chip.jpg,0
1_0_4_20161221195115664.jpg.chip.jpg,0
15_1_4_20170104005847968.jpg.chip.jpg,1
35_1_4_20170117203429672.jpg.chip.jpg,1
43_1_4_20170117185935802.jpg.chip.jpg,1
2_1_4_20161221203029673.jpg.chip.jpg,1
41_0_4_20170117022116049.jpg.chip.jpg,0
27_0_4_20170104194349352.jpg.chip.jpg,0
17_1_4_20170103222920542.jpg.chip.jpg,1
45_1_4_20170113011721570.jpg.chip.jpg,1
21_1_4_20170103223244111.jpg.chip.jpg,1
31_1_4_20170117203047078.jpg.chip.jpg,1
24_1_4_20170103223348808.jpg.chip.jpg,1
48_0_4_20170117204131728.jpg.chip.jpg,0
1_0_4_20161221201458610.jpg.chip.jpg,0
29_1_4_20170103230119816.jpg.chip.jpg,1
6_1_4_20170103230723185.jpg.chip.jpg,1
31_1_4_20170117203039631.jpg.chip.jpg,1
24_0_4_20170115205946148.jpg.chip.jpg,0
25_0_4_20170116003106425.jpg.chip.jpg,0
26_0_4_20170117200025445.jpg.chip.jpg,0
24_1_4_20170103235057348.jpg.chip.jpg,1
2_1_4_20161221202224681.jpg.chip.jpg,1
26_1_4_20170117200419213.jpg.chip.jpg,1
26_0_4_20170120140013888.jpg.chip.jpg,0
21_0_4_20161223214838473.jpg.chip.jpg,0
8_1_4_20170103200419199.jpg.chip.jpg,1
1_1_4_20161221193741869.jpg.chip.jpg,1
46_0_4_20170103235306699.jpg.chip.jpg,0
39_1_4_20170105001146812.jpg.chip.jpg,1
36_1_4_20170112234015846.jpg.chip.jpg,1
26_0_4_20170103235546910.jpg.chip.jpg,0
27_0_4_20170103235026964.jpg.chip.jpg,0
36_0_4_20170103230431017.jpg.chip.jpg,0
1_0_4_20161221202132305.jpg.chip.jpg,0
25_1_4_20170103223722679.jpg.chip.jpg,1
4_1_4_20170109191223274.jpg.chip.jpg,1
45_0_4_20170120134936535.jpg.chip.jpg,0
22_0_4_20170103234043547.jpg.chip.jpg,0
2_1_4_20170103205810354.jpg.chip.jpg,1
20_1_4_20170103212722908.jpg.chip.jpg,1
30_0_4_20170116221659118.jpg.chip.jpg,0
26_1_4_20170116220414012.jpg.chip.jpg,1
2_0_4_20170103230700225.jpg.chip.jpg,0
7_1_4_20170103201832231.jpg.chip.jpg,1
13_1_4_20170103201542217.jpg.chip.jpg,1
22_1_4_20170117193939053.jpg.chip.jpg,1
35_1_4_20170104181328997.jpg.chip.jpg,1
26_0_4_20170117153017629.jpg.chip.jpg,0
30_0_4_20170103235622469.jpg.chip.jpg,0
24_1_4_20170103223954911.jpg.chip.jpg,1
33_1_4_20170117174234414.jpg.chip.jpg,1
1_1_4_20161221193743543.jpg.chip.jpg,1
21_0_4_20170114030756751.jpg.chip.jpg,0
18_1_4_20161223232148173.jpg.chip.jpg,1
32_1_4_20170117203112816.jpg.chip.jpg,1
1_1_4_20170103212116187.jpg.chip.jpg,1
23_0_4_20170117194130117.jpg.chip.jpg,0
30_0_4_20170117130018135.jpg.chip.jpg,0
30_0_4_20170117202840206.jpg.chip.jpg,0
32_1_4_20170103230317985.jpg.chip.jpg,1
21_1_4_20170103230000841.jpg.chip.jpg,1
1_1_4_20161221202012433.jpg.chip.jpg,1
26_0_4_20170117152500051.jpg.chip.jpg,0
16_0_4_20170104011805376.jpg.chip.jpg,0
30_1_4_20170117202938776.jpg.chip.jpg,1
27_0_4_20170113134023216.jpg.chip.jpg,0
29_0_4_20170117202634086.jpg.chip.jpg,0
24_1_4_20170117194806829.jpg.chip.jpg,1
43_1_4_20170117204026648.jpg.chip.jpg,1
35_1_4_20170117193701109.jpg.chip.jpg,1
42_1_4_20170119204514367.jpg.chip.jpg,1
20_0_4_20170117193449429.jpg.chip.jpg,0
24_1_4_20170117194809365.jpg.chip.jpg,1
26_1_4_20170117201953681.jpg.chip.jpg,1
15_1_4_20170103233356803.jpg.chip.jpg,1
21_0_4_20161223214831392.jpg.chip.jpg,0
24_1_4_20170117194745325.jpg.chip.jpg,1
15_1_4_20170103230530985.jpg.chip.jpg,1
3_1_4_20161221192709141.jpg.chip.jpg,1
31_1_4_20170117203017127.jpg.chip.jpg,1
28_0_4_20170103213024052.jpg.chip.jpg,0
26_1_4_20170103225054720.jpg.chip.jpg,1
28_1_4_20170103235043691.jpg.chip.jpg,1
4_1_4_20161221202443265.jpg.chip.jpg,1
21_0_4_20161223214827816.jpg.chip.jpg,0
28_0_4_20170116182445736.jpg.chip.jpg,0
32_1_4_20170116201655721.jpg.chip.jpg,1
25_1_4_20170103235222492.jpg.chip.jpg,1
5_1_4_20161223232211710.jpg.chip.jpg,1
1_1_4_20170103204825447.jpg.chip.jpg,1
21_1_4_20170117193725542.jpg.chip.jpg,1
42_1_4_20170109002558079.jpg.chip.jpg,1
40_0_4_20170117145400915.jpg.chip.jpg,0
8_1_4_20170109201844552.jpg.chip.jpg,1
26_0_4_20170103235609892.jpg.chip.jpg,0
23_0_4_20170117194059597.jpg.chip.jpg,0
2_0_4_20170103210341459.jpg.chip.jpg,0
50_0_4_20170117203237079.jpg.chip.jpg,0
14_1_4_20170103200753206.jpg.chip.jpg,1
16_1_4_20170104011755640.jpg.chip.jpg,1
34_0_4_20170105161411273.jpg.chip.jpg,0
24_1_4_20170116220449622.jpg.chip.jpg,1
2_1_4_20170103210934483.jpg.chip.jpg,1
10_0_4_20170103223451479.jpg.chip.jpg,0
28_1_4_20170104000708986.jpg.chip.jpg,1
26_0_4_20170117153053957.jpg.chip.jpg,0
35_0_4_20170104192501919.jpg.chip.jpg,0
22_0_4_20170103210108168.jpg.chip.jpg,0
2_0_4_20170103205319954.jpg.chip.jpg,0
40_0_4_20170117175639103.jpg.chip.jpg,0
1_0_4_20170103210958819.jpg.chip.jpg,0
15_1_4_20170104005807401.jpg.chip.jpg,1
26_1_4_20170117174153056.jpg.chip.jpg,1
26_1_4_20170117201736159.jpg.chip.jpg,1
35_1_4_20170117121903506.jpg.chip.jpg,1
32_1_4_20170117203127032.jpg.chip.jpg,1
32_0_4_20170117203105065.jpg.chip.jpg,0
63_0_4_20170117175627092.jpg.chip.jpg,0
15_1_4_20170109212947695.jpg.chip.jpg,1
8_1_4_20170103212955884.jpg.chip.jpg,1
1_0_4_20161221192558436.jpg.chip.jpg,0
26_1_4_20170103225125224.jpg.chip.jpg,1
29_0_4_20170103234728788.jpg.chip.jpg,0
26_0_4_20170117200431437.jpg.chip.jpg,0
35_1_4_20170117195230500.jpg.chip.jpg,1
26_0_4_20170117153025829.jpg.chip.jpg,0
30_1_4_20170117203008151.jpg.chip.jpg,1
11_1_4_20170103233340363.jpg.chip.jpg,1
29_1_4_20170117123747223.jpg.chip.jpg,1
2_0_4_20161221195216736.jpg.chip.jpg,0
39_1_4_20170104201147354.jpg.chip.jpg,1
21_0_4_20161223214829361.jpg.chip.jpg,0
6_1_4_20161221200321777.jpg.chip.jpg,1
16_1_4_20170103224851136.jpg.chip.jpg,1
8_1_4_20170104005228631.jpg.chip.jpg,1
2_0_4_20170103212058572.jpg.chip.jpg,0
23_1_4_20170103223558799.jpg.chip.jpg,1
28_1_4_20170103225940625.jpg.chip.jpg,1
24_1_4_20170104005830151.jpg.chip.jpg,1
40_0_4_20170117204008359.jpg.chip.jpg,0
5_1_4_20161221193811941.jpg.chip.jpg,1
1_1_4_20161221192837420.jpg.chip.jpg,1
33_0_4_20170117105033191.jpg.chip.jpg,0
26_0_4_20170117152521052.jpg.chip.jpg,0
35_1_4_20170117201436958.jpg.chip.jpg,1
16_1_4_20170103233818803.jpg.chip.jpg,1
30_1_4_20170117202951902.jpg.chip.jpg,1
26_1_4_20170117154124606.jpg.chip.jpg,1
21_0_4_20161223214830361.jpg.chip.jpg,0
2_1_4_20161221202644800.jpg.chip.jpg,1
28_1_4_20170117143635625.jpg.chip.jpg,1
23_1_4_20170117194315659.jpg.chip.jpg,1
1_1_4_20161221201836401.jpg.chip.jpg,1
4_1_4_20170103230707056.jpg.chip.jpg,1
46_0_4_20170120134419847.jpg.chip.jpg,0
2_1_4_20170103213243276.jpg.chip.jpg,1
49_1_4_20170104235649484.jpg.chip.jpg,1
35_1_4_20170117203828719.jpg.chip.jpg,1
23_0_4_20170117194048925.jpg.chip.jpg,0
1_1_4_20161221193821215.jpg.chip.jpg,1
26_1_4_20170117174529702.jpg.chip.jpg,1
24_1_4_20170104005530664.jpg.chip.jpg,1
3_1_4_20161221193144389.jpg.chip.jpg,1
17_1_4_20170103233548115.jpg.chip.jpg,1
26_0_4_20170117153949109.jpg.chip.jpg,0
24_0_4_20170116232936514.jpg.chip.jpg,0
28_0_4_20170103184156947.jpg.chip.jpg,0
20_0_4_20170117193454180.jpg.chip.jpg,0
27_0_4_20170117010754780.jpg.chip.jpg,0
23_1_4_20170117194240867.jpg.chip.jpg,1
26_1_4_20170103225928346.jpg.chip.jpg,1
20_0_4_20170117193505639.jpg.chip.jpg,0
35_0_4_20170117181050987.jpg.chip.jpg,0
2_0_4_20161221202237961.jpg.chip.jpg,0
40_1_4_20170103230416025.jpg.chip.jpg,1
32_1_4_20170105164210618.jpg.chip.jpg,1
24_1_4_20170117194833796.jpg.chip.jpg,1
35_0_4_20170117194507893.jpg.chip.jpg,0
1_0_4_20170103210917330.jpg.chip.jpg,0
2_1_4_20161221201419633.jpg.chip.jpg,1
2_1_4_20161221202428169.jpg.chip.jpg,1
34_1_4_20170103182156641.jpg.chip.jpg,1
17_1_4_20170103233515202.jpg.chip.jpg,1
31_1_4_20170103230411344.jpg.chip.jpg,1
32_1_4_20170103230129305.jpg.chip.jpg,1
24_1_4_20170103224531167.jpg.chip.jpg,1
11_1_4_20170104005813063.jpg.chip.jpg,1
15_0_4_20170103201013615.jpg.chip.jpg,0
26_0_4_20170116183518793.jpg.chip.jpg,0
30_1_4_20170117203559144.jpg.chip.jpg,1
80_1_4_20170110184132973.jpg.chip.jpg,1
26_1_4_20161221200012536.jpg.chip.jpg,1
35_0_4_20170117153010428.jpg.chip.jpg,0
55_0_4_20170117204624770.jpg.chip.jpg,0
22_1_4_20170103224424415.jpg.chip.jpg,1
1_1_4_20161221201445657.jpg.chip.jpg,1
2_1_4_20170103210839634.jpg.chip.jpg,1
2_1_4_20161221201540105.jpg.chip.jpg,1
1_0_4_20161221202006449.jpg.chip.jpg,0
23_0_4_20170103234919628.jpg.chip.jpg,0
6_1_4_20170104010006062.jpg.chip.jpg,1
2_1_4_20161221202901201.jpg.chip.jpg,1
21_1_4_20161221195948192.jpg.chip.jpg,1
4_0_4_20161221193320742.jpg.chip.jpg,0
7_1_4_20170104010111013.jpg.chip.jpg,1
29_0_4_20170104200625561.jpg.chip.jpg,0
35_0_4_20170109001216009.jpg.chip.jpg,0
16_1_4_20170103214347949.jpg.chip.jpg,1
38_1_4_20170117203658976.jpg.chip.jpg,1
36_1_4_20170104204341444.jpg.chip.jpg,1
22_1_4_20170112233752904.jpg.chip.jpg,1
47_1_4_20170103234719420.jpg.chip.jpg,1
15_1_4_20170103233441003.jpg.chip.jpg,1
21_0_4_20161223214759249.jpg.chip.jpg,0
54_0_4_20170117204537409.jpg.chip.jpg,0
21_0_4_20170103223143358.jpg.chip.jpg,0
1_0_4_20161221195047839.jpg.chip.jpg,0
29_0_4_20170117202712541.jpg.chip.jpg,0
26_1_4_20170117154442702.jpg.chip.jpg,1
8_1_4_20170117192945532.jpg.chip.jpg,1
24_0_4_20170117194435668.jpg.chip.jpg,0
52_0_4_20170104212316604.jpg.chip.jpg,0
38_1_4_20170103230647441.jpg.chip.jpg,1
2_1_4_20161221195444552.jpg.chip.jpg,1
15_1_4_20170103234910356.jpg.chip.jpg,1
28_1_4_20170103182238570.jpg.chip.jpg,1
23_1_4_20170117194311620.jpg.chip.jpg,1
21_1_4_20170103223237335.jpg.chip.jpg,1
27_1_4_20170116211825926.jpg.chip.jpg,1
26_1_4_20170103230503161.jpg.chip.jpg,1
26_1_4_20170117201852933.jpg.chip.jpg,1
26_1_4_20170103235605244.jpg.chip.jpg,1
8_1_4_20170103233220163.jpg.chip.jpg,1
1_0_4_20161221195039712.jpg.chip.jpg,0
35_1_4_20170117203419569.jpg.chip.jpg,1
26_1_4_20170103234115237.jpg.chip.jpg,1
1_0_4_20161221192601052.jpg.chip.jpg,0
26_1_4_20170117201620471.jpg.chip.jpg,1
15_1_4_20170103201247846.jpg.chip.jpg,1
20_1_4_20170105183316775.jpg.chip.jpg,1
26_1_4_20170117201458974.jpg.chip.jpg,1
28_1_4_20170117145659083.jpg.chip.jpg,1
15_1_4_20170103200935782.jpg.chip.jpg,1
26_0_4_20170117195722036.jpg.chip.jpg,0
29_1_4_20170117202752934.jpg.chip.jpg,1
41_1_4_20170117203902928.jpg.chip.jpg,1
26_1_4_20170117154150500.jpg.chip.jpg,1
23_1_4_20170117194303197.jpg.chip.jpg,1
52_0_4_20170103183610052.jpg.chip.jpg,0
35_1_4_20170117203326008.jpg.chip.jpg,1
17_1_4_20170103234135204.jpg.chip.jpg,1
26_1_4_20170117174112221.jpg.chip.jpg,1
2_1_4_20161221195222927.jpg.chip.jpg,1
28_1_4_20170117202604343.jpg.chip.jpg,1
2_1_4_20161221202222280.jpg.chip.jpg,1
6_1_4_20170119204208503.jpg.chip.jpg,1
26_0_4_20170117153648990.jpg.chip.jpg,0
7_1_4_20170103233309314.jpg.chip.jpg,1
26_0_4_20170117200017039.jpg.chip.jpg,0
36_0_4_20170117012819035.jpg.chip.jpg,0
50_0_4_20170105173144813.jpg.chip.jpg,0
2_1_4_20161221202243153.jpg.chip.jpg,1
40_0_4_20170104202246139.jpg.chip.jpg,0
26_0_4_20170103235427740.jpg.chip.jpg,0
21_1_4_20170103233532676.jpg.chip.jpg,1
7_1_4_20161224001014334.jpg.chip.jpg,1
1_1_4_20161221201723169.jpg.chip.jpg,1
18_1_4_20170103222943622.jpg.chip.jpg,1
8_1_4_20161221202611945.jpg.chip.jpg,1
38_0_4_20170116215608653.jpg.chip.jpg,0
18_1_4_20170103224632313.jpg.chip.jpg,1
3_1_4_20161221202539569.jpg.chip.jpg,1
13_1_4_20170104005323135.jpg.chip.jpg,1
45_0_4_20170117202920775.jpg.chip.jpg,0
2_1_4_20170103210830609.jpg.chip.jpg,1
46_1_4_20170104172709843.jpg.chip.jpg,1
7_1_4_20170103230718288.jpg.chip.jpg,1
24_1_4_20161223231327524.jpg.chip.jpg,1
23_1_4_20170103224258631.jpg.chip.jpg,1
26_1_4_20170117154047070.jpg.chip.jpg,1
29_0_4_20170108223951591.jpg.chip.jpg,0
25_1_4_20161221195850512.jpg.chip.jpg,1
39_1_4_20170105173036253.jpg.chip.jpg,1
26_1_4_20170117202038959.jpg.chip.jpg,1
26_0_4_20170117195657219.jpg.chip.jpg,0
32_1_4_20170117203133752.jpg.chip.jpg,1
28_1_4_20170105164121996.jpg.chip.jpg,1
45_0_4_20170108230309811.jpg.chip.jpg,0
24_1_4_20170103230402800.jpg.chip.jpg,1
40_0_4_20170116213431880.jpg.chip.jpg,0
29_0_4_20170117180903787.jpg.chip.jpg,0
5_1_4_20170116232419298.jpg.chip.jpg,1
1_1_4_20161223225921227.jpg.chip.jpg,1
24_1_4_20170117150628875.jpg.chip.jpg,1
15_1_4_20170103222927064.jpg.chip.jpg,1
4_1_4_20161221193356438.jpg.chip.jpg,1
26_1_4_20170117200442221.jpg.chip.jpg,1
24_1_4_20170103212924934.jpg.chip.jpg,1
40_0_4_20170117013731866.jpg.chip.jpg,0
26_0_4_20170117152758143.jpg.chip.jpg,0
25_0_4_20170117195006460.jpg.chip.jpg,0
31_1_4_20170117203052559.jpg.chip.jpg,1
1_0_4_20170103210731970.jpg.chip.jpg,0
43_1_4_20170117204025030.jpg.chip.jpg,1
21_0_4_20161223214835183.jpg.chip.jpg,0
31_0_4_20170103235207122.jpg.chip.jpg,0
26_1_4_20170117153828843.jpg.chip.jpg,1
25_1_4_20170117195141428.jpg.chip.jpg,1
27_1_4_20170117175508442.jpg.chip.jpg,1
40_0_4_20170103235124292.jpg.chip.jpg,0
40_0_4_20170104192730423.jpg.chip.jpg,0
2_0_4_20161221202316873.jpg.chip.jpg,0
52_0_4_20170104184746311.jpg.chip.jpg,0
23_1_4_20170117183858768.jpg.chip.jpg,1
47_0_4_20170104002132109.jpg.chip.jpg,0
37_0_4_20170116204829478.jpg.chip.jpg,0
5_0_4_20161221200001464.jpg.chip.jpg,0
5_1_4_20161221193033413.jpg.chip.jpg,1
26_1_4_20170103225117416.jpg.chip.jpg,1
30_0_4_20170117151010732.jpg.chip.jpg,0
7_1_4_20161223225914300.jpg.chip.jpg,1
3_1_4_20161221195312639.jpg.chip.jpg,1
40_0_4_20170117203403479.jpg.chip.jpg,0
7_1_4_20170103212641884.jpg.chip.jpg,1
19_0_4_20170103201854223.jpg.chip.jpg,0
25_1_4_20161223214751864.jpg.chip.jpg,1
69_1_4_20170110141201824.jpg.chip.jpg,1
16_1_4_20170103233406635.jpg.chip.jpg,1
27_1_4_20170103235051403.jpg.chip.jpg,1
20_1_4_20170103224557431.jpg.chip.jpg,1
32_1_4_20170104011318584.jpg.chip.jpg,1
27_1_4_20170103230557794.jpg.chip.jpg,1
27_1_4_20170104165220264.jpg.chip.jpg,1
26_1_4_20161221193703783.jpg.chip.jpg,1
1_0_4_20170103202331712.jpg.chip.jpg,0
1_1_4_20161221200207440.jpg.chip.jpg,1
28_1_4_20170117202422103.jpg.chip.jpg,1
37_1_4_20170116002040232.jpg.chip.jpg,1
46_0_4_20170104202042473.jpg.chip.jpg,0
26_0_4_20170117200038821.jpg.chip.jpg,0
27_1_4_20170112234325680.jpg.chip.jpg,1
17_1_4_20170103201513799.jpg.chip.jpg,1
30_1_4_20170117194826836.jpg.chip.jpg,1
3_0_4_20161221202214969.jpg.chip.jpg,0
24_1_4_20170117150521764.jpg.chip.jpg,1
10_1_4_20161223225900460.jpg.chip.jpg,1
16_0_4_20170103205822811.jpg.chip.jpg,0
32_0_4_20170116220621484.jpg.chip.jpg,0
47_1_4_20170104181336102.jpg.chip.jpg,1
25_0_4_20170117151632205.jpg.chip.jpg,0
2_0_4_20170103213256420.jpg.chip.jpg,0
2_0_4_20161221202918296.jpg.chip.jpg,0
28_1_4_20170103230506947.jpg.chip.jpg,1
19_0_4_20170102233259362.jpg.chip.jpg,0
1_0_4_20170103210101969.jpg.chip.jpg,0
40_0_4_20170104200459608.jpg.chip.jpg,0
54_0_4_20170117171439011.jpg.chip.jpg,0
22_1_4_20170103223330567.jpg.chip.jpg,1
64_0_4_20170103184049701.jpg.chip.jpg,0
27_0_4_20170117202119374.jpg.chip.jpg,0
4_1_4_20161221201901345.jpg.chip.jpg,1
26_0_4_20170104165424576.jpg.chip.jpg,0
26_1_4_20170117143809650.jpg.chip.jpg,1
35_0_4_20170104181306061.jpg.chip.jpg,0
45_0_4_20170103235240356.jpg.chip.jpg,0
32_0_4_20170117203108807.jpg.chip.jpg,0
30_0_4_20170117194418932.jpg.chip.jpg,0
32_0_4_20170103235323876.jpg.chip.jpg,0
34_1_4_20170104165941169.jpg.chip.jpg,1
4_1_4_20161220223001930.jpg.chip.jpg,1
27_0_4_20170117010740316.jpg.chip.jpg,0
8_1_4_20170103210016155.jpg.chip.jpg,1
26_0_4_20170103235328516.jpg.chip.jpg,0
30_1_4_20170117193820102.jpg.chip.jpg,1
33_0_4_20170103235213148.jpg.chip.jpg,0
26_1_4_20170117201501054.jpg.chip.jpg,1
1_1_4_20161221195027223.jpg.chip.jpg,1
1_1_4_20161221202135073.jpg.chip.jpg,1
1_1_4_20170103210113314.jpg.chip.jpg,1
1_0_4_20161221195316815.jpg.chip.jpg,0
42_0_4_20170117185618130.jpg.chip.jpg,0
1_0_4_20161221192552629.jpg.chip.jpg,0
28_1_4_20170117202550286.jpg.chip.jpg,1
34_1_4_20170103230444089.jpg.chip.jpg,1
22_1_4_20170117193956629.jpg.chip.jpg,1
20_1_4_20170103230550945.jpg.chip.jpg,1
2_1_4_20170103213401125.jpg.chip.jpg,1
2_1_4_20161221195838329.jpg.chip.jpg,1
26_0_4_20170117195502469.jpg.chip.jpg,0
19_1_4_20170103224609304.jpg.chip.jpg,1
7_1_4_20161221193133117.jpg.chip.jpg,1
26_1_4_20170117201452666.jpg.chip.jpg,1
31_1_4_20170104165129944.jpg.chip.jpg,1
38_1_4_20170104183653741.jpg.chip.jpg,1
26_1_4_20170103235712113.jpg.chip.jpg,1
42_0_4_20170104202505130.jpg.chip.jpg,0
32_0_4_20170104005921031.jpg.chip.jpg,0
20_1_4_20170103224540624.jpg.chip.jpg,1
29_0_4_20170103235840396.jpg.chip.jpg,0
29_1_4_20170117202704359.jpg.chip.jpg,1
33_0_4_20170117202448894.jpg.chip.jpg,0
26_0_4_20170117153706349.jpg.chip.jpg,0
26_0_4_20170117200533197.jpg.chip.jpg,0
23_1_4_20170103223554895.jpg.chip.jpg,1
12_0_4_20170103201607807.jpg.chip.jpg,0
23_1_4_20170103223443239.jpg.chip.jpg,1
16_0_4_20161221200238647.jpg.chip.jpg,0
30_0_4_20170117202914440.jpg.chip.jpg,0
35_0_4_20170117142259383.jpg.chip.jpg,0
29_1_4_20170105171748652.jpg.chip.jpg,1
27_0_4_20170117012822305.jpg.chip.jpg,0
14_1_4_20170103200917543.jpg.chip.jpg,1
2_0_4_20161221203017368.jpg.chip.jpg,0
1_1_4_20161221193742646.jpg.chip.jpg,1
33_1_4_20170117200817413.jpg.chip.jpg,1
13_0_4_20170103201708406.jpg.chip.jpg,0
29_0_4_20170116210407115.jpg.chip.jpg,0
21_1_4_20170103223636607.jpg.chip.jpg,1
29_0_4_20170117202710430.jpg.chip.jpg,0
22_0_4_20161221202100745.jpg.chip.jpg,0
2_0_4_20161221202356481.jpg.chip.jpg,0
21_0_4_20161223214823880.jpg.chip.jpg,0
30_0_4_20170113133601952.jpg.chip.jpg,0
28_0_4_20170109140345949.jpg.chip.jpg,0
16_1_4_20170103223310543.jpg.chip.jpg,1
24_1_4_20170117194854468.jpg.chip.jpg,1
33_1_4_20170117201624958.jpg.chip.jpg,1
45_0_4_20170117204342880.jpg.chip.jpg,0
2_0_4_20161221194951087.jpg.chip.jpg,0
27_1_4_20170103175504767.jpg.chip.jpg,1
17_0_4_20170103212532692.jpg.chip.jpg,0
37_0_4_20170116233142186.jpg.chip.jpg,0
4_1_4_20161223230058516.jpg.chip.jpg,1
31_1_4_20170112235052769.jpg.chip.jpg,1
35_1_4_20170117203433192.jpg.chip.jpg,1
29_1_4_20170103235218684.jpg.chip.jpg,1
9_1_4_20170103200814791.jpg.chip.jpg,1
1_0_4_20161221194937848.jpg.chip.jpg,0
40_0_4_20170104204553772.jpg.chip.jpg,0
28_1_4_20170117202544912.jpg.chip.jpg,1
26_1_4_20161221193657350.jpg.chip.jpg,1
1_0_4_20161221203008320.jpg.chip.jpg,0
25_1_4_20170103233749355.jpg.chip.jpg,1
25_0_4_20170117155154894.jpg.chip.jpg,0
21_1_4_20170117193754349.jpg.chip.jpg,1
12_0_4_20170103200626630.jpg.chip.jpg,0
21_1_4_20161221193302541.jpg.chip.jpg,1
1_0_4_20161221202654538.jpg.chip.jpg,0
1_1_4_20170103212653844.jpg.chip.jpg,1
20_1_4_20161223230050564.jpg.chip.jpg,1
26_1_4_20170117174316560.jpg.chip.jpg,1
30_0_4_20170117200730006.jpg.chip.jpg,0
1_0_4_20170103210037042.jpg.chip.jpg,0
27_1_4_20170117164636325.jpg.chip.jpg,1
26_1_4_20170117201855518.jpg.chip.jpg,1
40_1_4_20170109003506229.jpg.chip.jpg,1
1_0_4_20161221201833209.jpg.chip.jpg,0
36_0_4_20170117203502182.jpg.chip.jpg,0
31_1_4_20170103182224513.jpg.chip.jpg,1
24_1_4_20170103223710519.jpg.chip.jpg,1
24_1_4_20170116214244943.jpg.chip.jpg,1
1_0_4_20161221192548675.jpg.chip.jpg,0
50_0_4_20170117204204793.jpg.chip.jpg,0
31_1_4_20170103230248753.jpg.chip.jpg,1
12_0_4_20170103200908168.jpg.chip.jpg,0
38_0_4_20170104202009825.jpg.chip.jpg,0
8_1_4_20170104005525759.jpg.chip.jpg,1
23_1_4_20170103233619053.jpg.chip.jpg,1
35_0_4_20170117121605150.jpg.chip.jpg,0
35_0_4_20170117153332974.jpg.chip.jpg,0
2_0_4_20170103202456584.jpg.chip.jpg,0
29_0_4_20170103235516820.jpg.chip.jpg,0
35_0_4_20170117153235020.jpg.chip.jpg,0
28_0_4_20170117180230348.jpg.chip.jpg,0
24_1_4_20170103223907208.jpg.chip.jpg,1
10_0_4_20161221192738446.jpg.chip.jpg,0
48_0_4_20170104211950852.jpg.chip.jpg,0
38_1_4_20170109003326675.jpg.chip.jpg,1
23_1_4_20170103223618431.jpg.chip.jpg,1
24_1_4_20170117150624909.jpg.chip.jpg,1
36_0_4_20170105170158252.jpg.chip.jpg,0
26_1_4_20170103225129568.jpg.chip.jpg,1
25_0_4_20170113133140464.jpg.chip.jpg,0
17_0_4_20170102234904707.jpg.chip.jpg,0
31_1_4_20161221193717222.jpg.chip.jpg,1
4_1_4_20170103210349522.jpg.chip.jpg,1
2_1_4_20170117193349661.jpg.chip.jpg,1
2_0_4_20170103204813658.jpg.chip.jpg,0
21_0_4_20161223214812864.jpg.chip.jpg,0
9_1_4_20170103213057382.jpg.chip.jpg,1
26_1_4_20170103225204177.jpg.chip.jpg,1
2_0_4_20161221202417666.jpg.chip.jpg,0
18_0_4_20170103205858722.jpg.chip.jpg,0
21_0_4_20170103210434754.jpg.chip.jpg,0
24_1_4_20170103223911478.jpg.chip.jpg,1
21_1_4_20170103225020282.jpg.chip.jpg,1
34_0_4_20170104000728781.jpg.chip.jpg,0
38_1_4_20170117203733760.jpg.chip.jpg,1
28_0_4_20170117190111300.jpg.chip.jpg,0
1_0_4_20170110212923157.jpg.chip.jpg,0
1_1_4_20170109193938953.jpg.chip.jpg,1
26_0_4_20170104200600267.jpg.chip.jpg,0
53_1_4_20170117204301062.jpg.chip.jpg,1
18_1_4_20170117185609466.jpg.chip.jpg,1
20_1_4_20161223230110540.jpg.chip.jpg,1
25_0_4_20170113180523812.jpg.chip.jpg,0
21_1_4_20170103224431735.jpg.chip.jpg,1
54_0_4_20170104212531845.jpg.chip.jpg,0
35_0_4_20170117204336319.jpg.chip.jpg,0
41_1_4_20170104204946628.jpg.chip.jpg,1
36_0_4_20170117183138902.jpg.chip.jpg,0
10_0_4_20170103201924664.jpg.chip.jpg,0
30_1_4_20170109135421119.jpg.chip.jpg,1
20_1_4_20170103233719339.jpg.chip.jpg,1
29_0_4_20170103235130284.jpg.chip.jpg,0
27_1_4_20170116180404068.jpg.chip.jpg,1
23_1_4_20170103223615095.jpg.chip.jpg,1
2_0_4_20170103202421392.jpg.chip.jpg,0
36_1_4_20170117135904020.jpg.chip.jpg,1
45_1_4_20170117203805390.jpg.chip.jpg,1
6_1_4_20170103214752366.jpg.chip.jpg,1
39_0_4_20170104205430619.jpg.chip.jpg,0
31_1_4_20170103230221721.jpg.chip.jpg,1
25_1_4_20170117151122740.jpg.chip.jpg,1
25_1_4_20170117150546627.jpg.chip.jpg,1
23_1_4_20170104011031984.jpg.chip.jpg,1
26_0_4_20170117195459004.jpg.chip.jpg,0
56_0_4_20170117094733987.jpg.chip.jpg,0
31_1_4_20170103234105597.jpg.chip.jpg,1
12_0_4_20170103201824880.jpg.chip.jpg,0
1_0_4_20161221192604164.jpg.chip.jpg,0
42_0_4_20170113174904299.jpg.chip.jpg,0
58_0_4_20170120224545639.jpg.chip.jpg,0
30_0_4_20170103230144585.jpg.chip.jpg,0
2_1_4_20161221201717930.jpg.chip.jpg,1
27_1_4_20170103223631359.jpg.chip.jpg,1
24_1_4_20170103223727135.jpg.chip.jpg,1
24_1_4_20170103225908457.jpg.chip.jpg,1
20_1_4_20161223230115267.jpg.chip.jpg,1
21_1_4_20170103201905647.jpg.chip.jpg,1
26_1_4_20170103224710662.jpg.chip.jpg,1
55_0_4_20170117193528283.jpg.chip.jpg,0
35_0_4_20170116214549746.jpg.chip.jpg,0
2_0_4_20170103210928251.jpg.chip.jpg,0
36_0_4_20170117203459599.jpg.chip.jpg,0
27_0_4_20170113133316808.jpg.chip.jpg,0
23_1_4_20170103224510895.jpg.chip.jpg,1
18_1_4_20170103223037503.jpg.chip.jpg,1
35_0_4_20170103230610313.jpg.chip.jpg,0
15_1_4_20170103201254359.jpg.chip.jpg,1
48_0_4_20170104213328405.jpg.chip.jpg,0
17_1_4_20170117193142374.jpg.chip.jpg,1
24_0_4_20170117145745474.jpg.chip.jpg,0
18_0_4_20170103201550447.jpg.chip.jpg,0
24_1_4_20170103230137338.jpg.chip.jpg,1
4_1_4_20161223225928843.jpg.chip.jpg,1
26_1_4_20170117152921443.jpg.chip.jpg,1
20_0_4_20170103234731301.jpg.chip.jpg,0
27_0_4_20170117202055676.jpg.chip.jpg,0
26_0_4_20170104170011130.jpg.chip.jpg,0
1_1_4_20161221193459566.jpg.chip.jpg,1
30_0_4_20170117154305388.jpg.chip.jpg,0
26_1_4_20170117195954341.jpg.chip.jpg,1
31_0_4_20170104200510431.jpg.chip.jpg,0
26_1_4_20170117201645720.jpg.chip.jpg,1
31_1_4_20170103230257785.jpg.chip.jpg,1
22_1_4_20170103233642227.jpg.chip.jpg,1
21_1_4_20170104005731615.jpg.chip.jpg,1
26_0_4_20170117200550222.jpg.chip.jpg,0
24_1_4_20170104005617062.jpg.chip.jpg,1
28_0_4_20170116210338902.jpg.chip.jpg,0
26_1_4_20170117154137164.jpg.chip.jpg,1
14_1_4_20170103233153851.jpg.chip.jpg,1
21_1_4_20170103233920299.jpg.chip.jpg,1
5_0_4_20170103210509634.jpg.chip.jpg,0
17_1_4_20170103233523157.jpg.chip.jpg,1
1_0_4_20161221195129503.jpg.chip.jpg,0
26_1_4_20170117152642036.jpg.chip.jpg,1
26_0_4_20170117152744875.jpg.chip.jpg,0
47_0_4_20170105172754348.jpg.chip.jpg,0
1_1_4_20161221202254377.jpg.chip.jpg,1
8_1_4_20170103214220325.jpg.chip.jpg,1
20_1_4_20170104005353062.jpg.chip.jpg,1
4_1_4_20161221193328366.jpg.chip.jpg,1
24_0_4_20170103223915799.jpg.chip.jpg,0
16_1_4_20170103233333235.jpg.chip.jpg,1
24_1_4_20170117194848067.jpg.chip.jpg,1
3_0_4_20161221193406126.jpg.chip.jpg,0
26_1_4_20170116154322277.jpg.chip.jpg,1
36_0_4_20170113133645566.jpg.chip.jpg,0
26_1_4_20170117153836846.jpg.chip.jpg,1
32_0_4_20170117140145171.jpg.chip.jpg,0
29_1_4_20170103230141555.jpg.chip.jpg,1
2_1_4_20161221192821980.jpg.chip.jpg,1
59_0_4_20170117172237604.jpg.chip.jpg,0
26_1_4_20170117173903318.jpg.chip.jpg,1
31_1_4_20170103224732417.jpg.chip.jpg,1
1_0_4_20161221193016140.jpg.chip.jpg,0
21_0_4_20161223214825003.jpg.chip.jpg,0
24_0_4_20170117145146997.jpg.chip.jpg,0
26_1_4_20170117201502838.jpg.chip.jpg,1
15_1_4_20170103201329807.jpg.chip.jpg,1
2_1_4_20161221192754807.jpg.chip.jpg,1
28_1_4_20170117202606048.jpg.chip.jpg,1
20_0_4_20170117193424333.jpg.chip.jpg,0
12_1_4_20161223230033380.jpg.chip.jpg,1
3_0_4_20170103210604324.jpg.chip.jpg,0
24_1_4_20170102233433610.jpg.chip.jpg,1
27_0_4_20170117202219111.jpg.chip.jpg,0
45_0_4_20170117203306895.jpg.chip.jpg,0
28_1_4_20170117202546775.jpg.chip.jpg,1
17_1_4_20170104011834409.jpg.chip.jpg,1
39_0_4_20170104200746817.jpg.chip.jpg,0
12_1_4_20170103200804119.jpg.chip.jpg,1
47_0_4_20170103230236105.jpg.chip.jpg,0
15_0_4_20170103233214059.jpg.chip.jpg,0
26_0_4_20170103214633693.jpg.chip.jpg,0
26_0_4_20170117195705718.jpg.chip.jpg,0
24_1_4_20170103234050620.jpg.chip.jpg,1
8_1_4_20170103200403187.jpg.chip.jpg,1
41_0_4_20170104205137196.jpg.chip.jpg,0
26_0_4_20170117153355923.jpg.chip.jpg,0
4_0_4_20161221195021183.jpg.chip.jpg,0
30_1_4_20170117143606826.jpg.chip.jpg,1
35_1_4_20170117203423144.jpg.chip.jpg,1
55_0_4_20170120134239783.jpg.chip.jpg,0
32_0_4_20170117021536804.jpg.chip.jpg,0
22_1_4_20170104005431327.jpg.chip.jpg,1
25_0_4_20170114034244572.jpg.chip.jpg,0
27_0_4_20170104002159117.jpg.chip.jpg,0
20_1_4_20170103223117967.jpg.chip.jpg,1
30_0_4_20170117202929576.jpg.chip.jpg,0
58_0_4_20170104212055205.jpg.chip.jpg,0
26_1_4_20170117174218966.jpg.chip.jpg,1
35_0_4_20170104011337576.jpg.chip.jpg,0
25_0_4_20170103230228713.jpg.chip.jpg,0
63_1_4_20170110180156105.jpg.chip.jpg,1
32_0_4_20170104170351168.jpg.chip.jpg,0
22_1_4_20170103224958800.jpg.chip.jpg,1
32_1_4_20170103225837104.jpg.chip.jpg,1
7_1_4_20161223225843468.jpg.chip.jpg,1
26_0_4_20170117153320853.jpg.chip.jpg,0
24_1_4_20170103224910931.jpg.chip.jpg,1
53_0_4_20170104212427149.jpg.chip.jpg,0
46_0_4_20170104183938014.jpg.chip.jpg,0
33_0_4_20170104172723834.jpg.chip.jpg,0
1_0_4_20170103202401551.jpg.chip.jpg,0
24_1_4_20170103223129750.jpg.chip.jpg,1
24_1_4_20170103224705429.jpg.chip.jpg,1
1_1_4_20170109191515501.jpg.chip.jpg,1
27_0_4_20161219194059843.jpg.chip.jpg,0
24_0_4_20170103234950908.jpg.chip.jpg,0
25_1_4_20170103225751729.jpg.chip.jpg,1
36_1_4_20170117180642329.jpg.chip.jpg,1
76_0_4_20170111222611809.jpg.chip.jpg,0
31_0_4_20170117153920514.jpg.chip.jpg,0
21_0_4_20170117141839865.jpg.chip.jpg,0
4_1_4_20161221193352350.jpg.chip.jpg,1
21_0_4_20161223214834033.jpg.chip.jpg,0
1_0_4_20161221200034160.jpg.chip.jpg,0
7_1_4_20170103230254954.jpg.chip.jpg,1
1_1_4_20161221202528425.jpg.chip.jpg,1
41_0_4_20170104202035282.jpg.chip.jpg,0
21_0_4_20161223214821265.jpg.chip.jpg,0
6_1_4_20161221193543388.jpg.chip.jpg,1
24_1_4_20170117145459404.jpg.chip.jpg,1
25_1_4_20170103182320042.jpg.chip.jpg,1
21_0_4_20161223214834745.jpg.chip.jpg,0
25_1_4_20170103212758572.jpg.chip.jpg,1
38_1_4_20170105173608614.jpg.chip.jpg,1
26_0_4_20170117200626708.jpg.chip.jpg,0
2_1_4_20170103205101618.jpg.chip.jpg,1
27_1_4_20170103182145377.jpg.chip.jpg,1
1_1_4_20161221202050009.jpg.chip.jpg,1
25_1_4_20170117193445813.jpg.chip.jpg,1
22_1_4_20170112233746160.jpg.chip.jpg,1
1_1_4_20170103205134402.jpg.chip.jpg,1
26_0_4_20170117152714787.jpg.chip.jpg,0
1_0_4_20161221202601354.jpg.chip.jpg,0
4_1_4_20161223231735684.jpg.chip.jpg,1
35_0_4_20170117174212110.jpg.chip.jpg,0
34_0_4_20170104201954962.jpg.chip.jpg,0
26_0_4_20170117172722652.jpg.chip.jpg,0
2_1_4_20170103213232676.jpg.chip.jpg,1
16_0_4_20170110231631592.jpg.chip.jpg,0
21_0_4_20170103230615993.jpg.chip.jpg,0
22_1_4_20170103234706499.jpg.chip.jpg,1
32_0_4_20170103235510730.jpg.chip.jpg,0
15_0_4_20170110232416743.jpg.chip.jpg,0
26_1_4_20170117200301221.jpg.chip.jpg,1
26_0_4_20170117200446422.jpg.chip.jpg,0
26_1_4_20170117201058830.jpg.chip.jpg,1
2_1_4_20161221200558048.jpg.chip.jpg,1
58_0_4_20170104212755933.jpg.chip.jpg,0
37_0_4_20170104000748917.jpg.chip.jpg,0
1_0_4_20161221202848809.jpg.chip.jpg,0
1_1_4_20161221195119295.jpg.chip.jpg,1
4_1_4_20161221195434215.jpg.chip.jpg,1
59_0_4_20170105173702564.jpg.chip.jpg,0
28_0_4_20170105162459467.jpg.chip.jpg,0
31_0_4_20170108235352933.jpg.chip.jpg,0
2_1_4_20170103212142324.jpg.chip.jpg,1
28_0_4_20170105163707258.jpg.chip.jpg,0
24_1_4_20170117194842219.jpg.chip.jpg,1
4_1_4_20161221202534346.jpg.chip.jpg,1
39_1_4_20170117203758344.jpg.chip.jpg,1
28_1_4_20170117202552000.jpg.chip.jpg,1
1_0_4_20161221202008129.jpg.chip.jpg,0
84_1_4_20170105001517613.jpg.chip.jpg,1
25_0_4_20170103235109805.jpg.chip.jpg,0
25_1_4_20170117193933452.jpg.chip.jpg,1
1_1_4_20161221202124857.jpg.chip.jpg,1
24_1_4_20170103212802644.jpg.chip.jpg,1
18_1_4_20170103223026335.jpg.chip.jpg,1
26_1_4_20170117201457622.jpg.chip.jpg,1
17_0_4_20170103201116511.jpg.chip.jpg,0
25_0_4_20170117151003346.jpg.chip.jpg,0
26_0_4_20170108224531895.jpg.chip.jpg,0
32_0_4_20170104181254053.jpg.chip.jpg,0
4_1_4_20170109192812215.jpg.chip.jpg,1
28_1_4_20170117202541845.jpg.chip.jpg,1
11_1_4_20161223225953124.jpg.chip.jpg,1
24_0_4_20170117145214993.jpg.chip.jpg,0
4_1_4_20161223230002625.jpg.chip.jpg,1
45_1_4_20170117150756260.jpg.chip.jpg,1
2_1_4_20161221201820529.jpg.chip.jpg,1
10_0_4_20170103202338152.jpg.chip.jpg,0
24_1_4_20170103223158047.jpg.chip.jpg,1
36_1_4_20170105001244316.jpg.chip.jpg,1
26_0_4_20170117200423270.jpg.chip.jpg,0
26_0_4_20170103224903432.jpg.chip.jpg,0
9_1_4_20170103200637399.jpg.chip.jpg,1
35_1_4_20170117200255252.jpg.chip.jpg,1
35_1_4_20170117203540087.jpg.chip.jpg,1
24_0_4_20170117145915428.jpg.chip.jpg,0
45_0_4_20170104184343710.jpg.chip.jpg,0
2_1_4_20161221202436617.jpg.chip.jpg,1
36_1_4_20170113001003592.jpg.chip.jpg,1
36_0_4_20170117140440824.jpg.chip.jpg,0
20_0_4_20170102233239947.jpg.chip.jpg,0
26_0_4_20170117195406973.jpg.chip.jpg,0
30_1_4_20170105165132148.jpg.chip.jpg,1
26_1_4_20170116181035930.jpg.chip.jpg,1
1_0_4_20161221193531198.jpg.chip.jpg,0
47_0_4_20170104211902412.jpg.chip.jpg,0
43_1_4_20170117174415686.jpg.chip.jpg,1
19_1_4_20170102235050099.jpg.chip.jpg,1
25_1_4_20170103224600280.jpg.chip.jpg,1
3_1_4_20161221192908158.jpg.chip.jpg,1
28_0_4_20170116214318093.jpg.chip.jpg,0
16_1_4_20170103234142187.jpg.chip.jpg,1
38_0_4_20170104202201977.jpg.chip.jpg,0
20_1_4_20170103223033527.jpg.chip.jpg,1
44_1_4_20170116235150272.jpg.chip.jpg,1
26_1_4_20170103230455729.jpg.chip.jpg,1
25_0_4_20170117151414412.jpg.chip.jpg,0
46_0_4_20170117190308338.jpg.chip.jpg,0
31_0_4_20170105161451773.jpg.chip.jpg,0
24_1_4_20170117010442715.jpg.chip.jpg,1
1_0_4_20161221201909505.jpg.chip.jpg,0
3_1_4_20161221201429017.jpg.chip.jpg,1
24_1_4_20170103212911364.jpg.chip.jpg,1
29_0_4_20170103235921692.jpg.chip.jpg,0
26_0_4_20170117200020292.jpg.chip.jpg,0
28_1_4_20170103235557846.jpg.chip.jpg,1
1_1_4_20161221201446945.jpg.chip.jpg,1
5_0_4_20170103224719055.jpg.chip.jpg,0
37_0_4_20170104205837940.jpg.chip.jpg,0
2_1_4_20170103210946139.jpg.chip.jpg,1
22_0_4_20170103235414540.jpg.chip.jpg,0
63_0_4_20170104213550381.jpg.chip.jpg,0
51_0_4_20170104210502395.jpg.chip.jpg,0
15_1_4_20170103223416559.jpg.chip.jpg,1
23_1_4_20170117194143181.jpg.chip.jpg,1
24_0_4_20170117194332787.jpg.chip.jpg,0
24_1_4_20170117150622299.jpg.chip.jpg,1
58_0_4_20170104213132981.jpg.chip.jpg,0
31_0_4_20170116214318093.jpg.chip.jpg,0
27_1_4_20170103183838762.jpg.chip.jpg,1
35_0_4_20170117172754499.jpg.chip.jpg,0
20_1_4_20170103233322026.jpg.chip.jpg,1
26_0_4_20170117195551948.jpg.chip.jpg,0
26_1_4_20170103230004440.jpg.chip.jpg,1
24_0_4_20170102233500506.jpg.chip.jpg,0
14_0_4_20170103200837103.jpg.chip.jpg,0
30_1_4_20170117143625216.jpg.chip.jpg,1
32_1_4_20170104171544210.jpg.chip.jpg,1
23_0_4_20170117194033772.jpg.chip.jpg,0
8_0_4_20170103201939191.jpg.chip.jpg,0
26_1_4_20170117154327501.jpg.chip.jpg,1
6_1_4_20170103233146667.jpg.chip.jpg,1
21_0_4_20161223214820169.jpg.chip.jpg,0
4_1_4_20170103212605868.jpg.chip.jpg,1
43_1_4_20170117204021688.jpg.chip.jpg,1
38_0_4_20170109013315959.jpg.chip.jpg,0
26_1_4_20170117201509118.jpg.chip.jpg,1
26_1_4_20170117201617637.jpg.chip.jpg,1
2_0_4_20170103210125060.jpg.chip.jpg,0
29_1_4_20170104165318736.jpg.chip.jpg,1
4_1_4_20170103205256107.jpg.chip.jpg,1
35_1_4_20170116221035151.jpg.chip.jpg,1
25_1_4_20170103225922392.jpg.chip.jpg,1
25_1_4_20170117193813573.jpg.chip.jpg,1
24_0_4_20170117145354835.jpg.chip.jpg,0
6_0_4_20161221192637277.jpg.chip.jpg,0
24_0_4_20170117194540395.jpg.chip.jpg,0
25_0_4_20170103233741427.jpg.chip.jpg,0
24_1_4_20170103223935080.jpg.chip.jpg,1
47_0_4_20170104210443652.jpg.chip.jpg,0
23_0_4_20170116221049556.jpg.chip.jpg,0
14_1_4_20170103201207132.jpg.chip.jpg,1
1_0_4_20170103202334544.jpg.chip.jpg,0
24_0_4_20170117145619730.jpg.chip.jpg,0
53_0_4_20170117204252600.jpg.chip.jpg,0
27_0_4_20170103235409988.jpg.chip.jpg,0
4_1_4_20170103210522819.jpg.chip.jpg,1
24_0_4_20170117145314932.jpg.chip.jpg,0
1_0_4_20161221201548713.jpg.chip.jpg,0
20_1_4_20170103223401848.jpg.chip.jpg,1
26_1_4_20170117174505182.jpg.chip.jpg,1
1_1_4_20161221202153553.jpg.chip.jpg,1
1_1_4_20161221192830036.jpg.chip.jpg,1
45_0_4_20170104202016610.jpg.chip.jpg,0
30_1_4_20170103182430449.jpg.chip.jpg,1
6_1_4_20161221195807162.jpg.chip.jpg,1
24_1_4_20170105183531601.jpg.chip.jpg,1
27_1_4_20170117202236181.jpg.chip.jpg,1
45_0_4_20170104210403467.jpg.chip.jpg,0
1_0_4_20170103202356872.jpg.chip.jpg,0
2_0_4_20161221192937540.jpg.chip.jpg,0
2_0_4_20170103202407440.jpg.chip.jpg,0
24_0_4_20170117145341818.jpg.chip.jpg,0
36_1_4_20170105164808838.jpg.chip.jpg,1
23_0_4_20170102233413972.jpg.chip.jpg,0
35_0_4_20170104165959561.jpg.chip.jpg,0
58_0_4_20170104212345751.jpg.chip.jpg,0
27_0_4_20170117120226377.jpg.chip.jpg,0
4_1_4_20161221200153784.jpg.chip.jpg,1
42_1_4_20170103230535913.jpg.chip.jpg,1
26_0_4_20170103235432764.jpg.chip.jpg,0
34_0_4_20170117130526488.jpg.chip.jpg,0
26_1_4_20170117154131789.jpg.chip.jpg,1
36_1_4_20170117203519312.jpg.chip.jpg,1
50_1_4_20170105173053477.jpg.chip.jpg,1
20_1_4_20170103225902242.jpg.chip.jpg,1
24_1_4_20170117194920763.jpg.chip.jpg,1
26_1_4_20170103225817689.jpg.chip.jpg,1
2_1_4_20170103210129538.jpg.chip.jpg,1
7_1_4_20161223232252196.jpg.chip.jpg,1
46_0_4_20170105162327242.jpg.chip.jpg,0
32_0_4_20170117140137322.jpg.chip.jpg,0
5_1_4_20161221193338973.jpg.chip.jpg,1
3_1_4_20161223231741788.jpg.chip.jpg,1
45_0_4_20170117203301774.jpg.chip.jpg,0
52_0_4_20170111171747383.jpg.chip.jpg,0
3_0_4_20170103205122074.jpg.chip.jpg,0
14_1_4_20170103201225838.jpg.chip.jpg,1
31_0_4_20170117123923204.jpg.chip.jpg,0
35_0_4_20170116191747403.jpg.chip.jpg,0
14_0_4_20170117193432868.jpg.chip.jpg,0
42_0_4_20170104174008963.jpg.chip.jpg,0
40_0_4_20170113183427182.jpg.chip.jpg,0
1_1_4_20161221195938992.jpg.chip.jpg,1
23_1_4_20170103223551622.jpg.chip.jpg,1
24_1_4_20170103224843361.jpg.chip.jpg,1
41_0_4_20170104205417148.jpg.chip.jpg,0
17_1_4_20170103212235036.jpg.chip.jpg,1
2_0_4_20161221192650388.jpg.chip.jpg,0
41_0_4_20170104185252334.jpg.chip.jpg,0
22_1_4_20170103224814016.jpg.chip.jpg,1
27_0_4_20170103235800445.jpg.chip.jpg,0
11_1_4_20170109201611941.jpg.chip.jpg,1
45_0_4_20170117200837845.jpg.chip.jpg,0
2_1_4_20161221202408818.jpg.chip.jpg,1
51_0_4_20170104210348196.jpg.chip.jpg,0
8_1_4_20170104010936352.jpg.chip.jpg,1
34_0_4_20170117203232496.jpg.chip.jpg,0
18_1_4_20170117140224544.jpg.chip.jpg,1
42_0_4_20170117142732651.jpg.chip.jpg,0
26_0_4_20170116192438997.jpg.chip.jpg,0
28_0_4_20170117202313951.jpg.chip.jpg,0
24_1_4_20170117194852596.jpg.chip.jpg,1
17_1_4_20161223214728028.jpg.chip.jpg,1
28_0_4_20170103235541444.jpg.chip.jpg,0
29_0_4_20170103235032708.jpg.chip.jpg,0
31_1_4_20170112235504601.jpg.chip.jpg,1
51_1_4_20170103234622539.jpg.chip.jpg,1
2_0_4_20161221202515441.jpg.chip.jpg,0
4_1_4_20161221201935361.jpg.chip.jpg,1
14_0_4_20170117192737955.jpg.chip.jpg,0
26_1_4_20170103213051380.jpg.chip.jpg,1
34_0_4_20170105172324413.jpg.chip.jpg,0
43_0_4_20170104000923085.jpg.chip.jpg,0
23_0_4_20170117194045437.jpg.chip.jpg,0
23_1_4_20170103223410718.jpg.chip.jpg,1
35_1_4_20170113182827279.jpg.chip.jpg,1
28_0_4_20170103235229669.jpg.chip.jpg,0
26_1_4_20170117200341157.jpg.chip.jpg,1
20_1_4_20170103224354767.jpg.chip.jpg,1
26_1_4_20170105164223948.jpg.chip.jpg,1
28_0_4_20170116002326539.jpg.chip.jpg,0
42_0_4_20170104185534278.jpg.chip.jpg,0
22_1_4_20170103233857003.jpg.chip.jpg,1
24_1_4_20170117150458348.jpg.chip.jpg,1
1_1_4_20161221192629892.jpg.chip.jpg,1
19_1_4_20170103233712235.jpg.chip.jpg,1
14_0_4_20170103201644927.jpg.chip.jpg,0
36_0_4_20170117203436206.jpg.chip.jpg,0
23_0_4_20170103180302079.jpg.chip.jpg,0
30_0_4_20170104170526912.jpg.chip.jpg,0
32_1_4_20170105164252747.jpg.chip.jpg,1
2_0_4_20170103205108602.jpg.chip.jpg,0
7_1_4_20161221202624721.jpg.chip.jpg,1
26_0_4_20170103235338373.jpg.chip.jpg,0
42_0_4_20170104202126618.jpg.chip.jpg,0
3_1_4_20161221193538039.jpg.chip.jpg,1
37_1_4_20170104170314561.jpg.chip.jpg,1
20_0_4_20170105161709125.jpg.chip.jpg,0
13_1_4_20170103200913055.jpg.chip.jpg,1
2_1_4_20170103202812009.jpg.chip.jpg,1
22_1_4_20170103223216583.jpg.chip.jpg,1
26_0_4_20170105162624331.jpg.chip.jpg,0
1_1_4_20161221192800604.jpg.chip.jpg,1
28_0_4_20170117202324814.jpg.chip.jpg,0
52_0_4_20170103235931765.jpg.chip.jpg,0
45_0_4_20170104194522552.jpg.chip.jpg,0
57_0_4_20170105171850037.jpg.chip.jpg,0
2_1_4_20161221202503449.jpg.chip.jpg,1
5_1_4_20161223230106795.jpg.chip.jpg,1
26_0_4_20170117201113262.jpg.chip.jpg,0
4_1_4_20161221193345109.jpg.chip.jpg,1
49_0_4_20170104205507484.jpg.chip.jpg,0
1_0_4_20161221195419136.jpg.chip.jpg,0
35_1_4_20170117194818924.jpg.chip.jpg,1
23_1_4_20170117194317100.jpg.chip.jpg,1
35_1_4_20170117203751799.jpg.chip.jpg,1
8_0_4_20170103200427437.jpg.chip.jpg,0
27_1_4_20170103225912217.jpg.chip.jpg,1
18_0_4_20170104011044048.jpg.chip.jpg,0
21_1_4_20170103224520560.jpg.chip.jpg,1
24_1_4_20170103230420760.jpg.chip.jpg,1
23_1_4_20170117194259323.jpg.chip.jpg,1
29_1_4_20170103224739152.jpg.chip.jpg,1
2_1_4_20170103210335629.jpg.chip.jpg,1
23_1_4_20170117194319028.jpg.chip.jpg,1
1_1_4_20161221201512713.jpg.chip.jpg,1
2_1_4_20161221201556929.jpg.chip.jpg,1
17_0_4_20170103210008641.jpg.chip.jpg,0
6_0_4_20161221202547897.jpg.chip.jpg,0
53_0_4_20170109012743281.jpg.chip.jpg,0
16_1_4_20170103201700919.jpg.chip.jpg,1
65_1_4_20170117185548913.jpg.chip.jpg,1
28_0_4_20170117202327093.jpg.chip.jpg,0
21_1_4_20170117193741701.jpg.chip.jpg,1
29_1_4_20170113011257168.jpg.chip.jpg,1
55_0_4_20170117203246215.jpg.chip.jpg,0
16_1_4_20170103201021199.jpg.chip.jpg,1
3_0_4_20161221193723542.jpg.chip.jpg,0
35_1_4_20170117201724582.jpg.chip.jpg,1
19_1_4_20170103223231399.jpg.chip.jpg,1
32_1_4_20170104000720352.jpg.chip.jpg,1
3_0_4_20161221200453808.jpg.chip.jpg,0
28_0_4_20170109002937845.jpg.chip.jpg,0
41_0_4_20170104173222571.jpg.chip.jpg,0
2_1_4_20170103202730376.jpg.chip.jpg,1
26_1_4_20170103224755416.jpg.chip.jpg,1
26_1_4_20170117174527047.jpg.chip.jpg,1
8_1_4_20161223230045701.jpg.chip.jpg,1
28_1_4_20170117202558575.jpg.chip.jpg,1
6_1_4_20170117193419676.jpg.chip.jpg,1
26_1_4_20170109002629914.jpg.chip.jpg,1
6_1_4_20161221193230469.jpg.chip.jpg,1
1_0_4_20161221202305778.jpg.chip.jpg,0
1_1_4_20161221201545377.jpg.chip.jpg,1
24_0_4_20170103224944762.jpg.chip.jpg,0
26_0_4_20170117195713037.jpg.chip.jpg,0
22_1_4_20170104001853773.jpg.chip.jpg,1
45_0_4_20170117204242833.jpg.chip.jpg,0
47_0_4_20170104210453028.jpg.chip.jpg,0
29_0_4_20170117094742046.jpg.chip.jpg,0
3_1_4_20161221193402694.jpg.chip.jpg,1
5_0_4_20170103212624758.jpg.chip.jpg,0
29_0_4_20170103235201420.jpg.chip.jpg,0
15_1_4_20170103201201509.jpg.chip.jpg,1
25_1_4_20170103180849713.jpg.chip.jpg,1
27_0_4_20170105163841596.jpg.chip.jpg,0
26_0_4_20170117200102299.jpg.chip.jpg,0
7_1_4_20161221193136085.jpg.chip.jpg,1
21_1_4_20170103234037067.jpg.chip.jpg,1
24_1_4_20170103224804680.jpg.chip.jpg,1
22_1_4_20170103225134240.jpg.chip.jpg,1
4_0_4_20161221202233593.jpg.chip.jpg,0
30_0_4_20170103230146433.jpg.chip.jpg,0
23_0_4_20170117194027228.jpg.chip.jpg,0
23_0_4_20170117144105491.jpg.chip.jpg,0
6_1_4_20161223232234756.jpg.chip.jpg,1
15_0_4_20170104011201568.jpg.chip.jpg,0
18_0_4_20170105183328551.jpg.chip.jpg,0
3_1_4_20170103234200795.jpg.chip.jpg,1
35_0_4_20170117204355896.jpg.chip.jpg,0
28_0_4_20170113150805663.jpg.chip.jpg,0
31_1_4_20170117203041312.jpg.chip.jpg,1
10_0_4_20170103200335831.jpg.chip.jpg,0
42_1_4_20170117203934434.jpg.chip.jpg,1
18_1_4_20170103234101020.jpg.chip.jpg,1
1_0_4_20161221201454961.jpg.chip.jpg,0
32_1_4_20170117203121712.jpg.chip.jpg,1
26_1_4_20170117174327119.jpg.chip.jpg,1
2_0_4_20161221200605305.jpg.chip.jpg,0
45_0_4_20170117202958949.jpg.chip.jpg,0
15_1_4_20170103233208315.jpg.chip.jpg,1
21_1_4_20170103223150726.jpg.chip.jpg,1
7_1_4_20161224002213337.jpg.chip.jpg,1
21_1_4_20170103225014665.jpg.chip.jpg,1
15_1_4_20170103201445071.jpg.chip.jpg,1
9_0_4_20170110225238472.jpg.chip.jpg,0
1_1_4_20161221192615380.jpg.chip.jpg,1
7_0_4_20170103205144794.jpg.chip.jpg,0
25_1_4_20170103224747408.jpg.chip.jpg,1
1_1_4_20161221202046857.jpg.chip.jpg,1
22_1_4_20170103224503415.jpg.chip.jpg,1
24_0_4_20170117145745635.jpg.chip.jpg,0
58_0_4_20170104002248350.jpg.chip.jpg,0
25_0_4_20170103235145124.jpg.chip.jpg,0
35_1_4_20170117201754494.jpg.chip.jpg,1
28_0_4_20170116220531686.jpg.chip.jpg,0
23_1_4_20170117194147485.jpg.chip.jpg,1
49_0_4_20170104000903445.jpg.chip.jpg,0
42_0_4_20170104204413955.jpg.chip.jpg,0
31_0_4_20170116191637408.jpg.chip.jpg,0
38_1_4_20170117203738528.jpg.chip.jpg,1
39_1_4_20170103163548640.jpg.chip.jpg,1
32_1_4_20170117203123744.jpg.chip.jpg,1
31_1_4_20161221193256437.jpg.chip.jpg,1
3_1_4_20161221192845405.jpg.chip.jpg,1
19_1_4_20170109192214298.jpg.chip.jpg,1
60_1_4_20170103230632265.jpg.chip.jpg,1
36_0_4_20170104000906228.jpg.chip.jpg,0
1_1_4_20161221201827921.jpg.chip.jpg,1
21_1_4_20170103223208902.jpg.chip.jpg,1
28_1_4_20170109003009492.jpg.chip.jpg,1
2_0_4_20161221192934773.jpg.chip.jpg,0
2_1_4_20161221195057952.jpg.chip.jpg,1
2_1_4_20170103213149252.jpg.chip.jpg,1
1_0_4_20161221192555965.jpg.chip.jpg,0
16_0_4_20170103201427977.jpg.chip.jpg,0
2_1_4_20161221195142095.jpg.chip.jpg,1
42_0_4_20170117185614642.jpg.chip.jpg,0
17_1_4_20170104001810179.jpg.chip.jpg,1
1_1_4_20161221192832972.jpg.chip.jpg,1
15_1_4_20170103233304142.jpg.chip.jpg,1
17_0_4_20170103234633420.jpg.chip.jpg,0
40_0_4_20170117194620611.jpg.chip.jpg,0
31_0_4_20170116191344848.jpg.chip.jpg,0
26_0_4_20170117195456708.jpg.chip.jpg,0
35_1_4_20170109003348401.jpg.chip.jpg,1
27_1_4_20170103210539730.jpg.chip.jpg,1
20_1_4_20170103230215713.jpg.chip.jpg,1
37_1_4_20170117203604479.jpg.chip.jpg,1
36_0_4_20170117163456359.jpg.chip.jpg,0
28_1_4_20170117202538583.jpg.chip.jpg,1
26_1_4_20170117201548014.jpg.chip.jpg,1
18_1_4_20170109212430115.jpg.chip.jpg,1
30_0_4_20170117204104479.jpg.chip.jpg,0
32_1_4_20170103225047472.jpg.chip.jpg,1
28_0_4_20170117021421106.jpg.chip.jpg,0
24_1_4_20170103224550520.jpg.chip.jpg,1
23_1_4_20170103223102032.jpg.chip.jpg,1
29_1_4_20170103180829632.jpg.chip.jpg,1
26_1_4_20170117153702405.jpg.chip.jpg,1
23_1_4_20170103225140728.jpg.chip.jpg,1
53_1_4_20170117204257206.jpg.chip.jpg,1
1_1_4_20161221201852145.jpg.chip.jpg,1
30_0_4_20170117153249558.jpg.chip.jpg,0
1_1_4_20170103212217155.jpg.chip.jpg,1
26_1_4_20170117153408062.jpg.chip.jpg,1
21_1_4_20170103224936983.jpg.chip.jpg,1
58_0_4_20170117204733657.jpg.chip.jpg,0
30_1_4_20170103230515409.jpg.chip.jpg,1
39_0_4_20170104200827073.jpg.chip.jpg,0
38_0_4_20170117151031427.jpg.chip.jpg,0
1_0_4_20161221202206568.jpg.chip.jpg,0
30_1_4_20170117203004549.jpg.chip.jpg,1
24_1_4_20170117194829684.jpg.chip.jpg,1
26_0_4_20170117195915493.jpg.chip.jpg,0
3_1_4_20161221202450265.jpg.chip.jpg,1
52_1_4_20170104185604990.jpg.chip.jpg,1
26_1_4_20170117174310909.jpg.chip.jpg,1
22_0_4_20170103224652599.jpg.chip.jpg,0
21_0_4_20161223214802865.jpg.chip.jpg,0
38_0_4_20170109011128798.jpg.chip.jpg,0
2_1_4_20161221202842353.jpg.chip.jpg,1
18_1_4_20161223230852802.jpg.chip.jpg,1
26_0_4_20170116193007097.jpg.chip.jpg,0
48_1_4_20170104181540549.jpg.chip.jpg,1
27_0_4_20170104011307960.jpg.chip.jpg,0
51_0_4_20170104211801364.jpg.chip.jpg,0
22_1_4_20170103233803763.jpg.chip.jpg,1
